AccountID,CustomerID,AccountType,Balance,Currency,AccountStatus,OpenDate
50001,1001,CHECKING,23739.57,CAD,INACTIVE,2026-09-29
50002,1002,SAVINGS,15379.45,CAD,INACTIVE,2026-09-29
50003,1003,SAVINGS,21991.25,CAD,INACTIVE,2026-09-29
50004,1004,CHECKING,16603.29,CAD,INACTIVE,2026-09-29
50005,1005,CHECKING,11887.13,CAD,ACTIVE,2026-09-29
50006,1006,CHECKING,12816.98,CAD,INACTIVE,2026-09-29
50007,1007,SAVINGS,8857.18,CAD,ACTIVE,2026-09-29
50008,1008,SAVINGS,9254.27,CAD,ACTIVE,2026-09-29
50009,1009,CHECKING,12913.58,CAD,INACTIVE,2026-09-29
50010,1010,CHECKING,15173.72,CAD,INACTIVE,2026-09-29
50011,1011,SAVINGS,19642.43,CAD,INACTIVE,2026-09-29
50012,1012,SAVINGS,23146.3,CAD,INACTIVE,2026-09-29
50013,1012,SAVINGS,1072.74,CAD,ACTIVE,2026-09-29
50014,1013,CHECKING,14830.31,CAD,INACTIVE,2026-09-29
50015,1014,CHECKING,9586.14,CAD,INACTIVE,2026-09-29
50016,1015,CHECKING,21114.28,CAD,ACTIVE,2026-09-29
50017,1016,CHECKING,15274.45,CAD,ACTIVE,2026-09-29
50018,1017,SAVINGS,21435.96,CAD,INACTIVE,2026-09-29
50019,1018,SAVINGS,4612.07,CAD,INACTIVE,2026-09-29
50020,1018,SAVINGS,9417.03,CAD,ACTIVE,2026-09-29
50021,1019,CHECKING,18037.87,CAD,INACTIVE,2026-09-29
50022,1020,SAVINGS,23395.03,CAD,ACTIVE,2026-09-29
50023,1021,SAVINGS,5993.92,CAD,INACTIVE,2026-09-29
50024,1022,CHECKING,22733.88,CAD,INACTIVE,2026-09-29
50025,1023,CHECKING,2525.26,CAD,INACTIVE,2026-09-29
50026,1024,CHECKING,18349.96,CAD,ACTIVE,2026-09-29
50027,1024,CHECKING,1434.41,CAD,ACTIVE,2026-09-29
50028,1025,SAVINGS,7685.34,CAD,ACTIVE,2026-09-29
50029,1025,CHECKING,18755.49,CAD,ACTIVE,2026-09-29
50030,1026,SAVINGS,19396.32,CAD,ACTIVE,2026-09-29
50031,1027,CHECKING,21001.94,CAD,ACTIVE,2026-09-29
50032,1028,SAVINGS,14591.65,CAD,ACTIVE,2026-09-29
50033,1028,SAVINGS,8130.21,CAD,INACTIVE,2026-09-29
50034,1029,CHECKING,16519.57,CAD,INACTIVE,2026-09-29
50035,1030,CHECKING,6301.6,CAD,INACTIVE,2026-09-29
50036,1031,CHECKING,24839.48,CAD,INACTIVE,2026-09-29
50037,1031,SAVINGS,22961.28,CAD,INACTIVE,2026-09-29
50038,1032,SAVINGS,6865.33,CAD,INACTIVE,2026-09-29
50039,1033,SAVINGS,22007.68,CAD,INACTIVE,2026-09-29
50040,1034,SAVINGS,11570.0,CAD,ACTIVE,2026-09-29
50041,1035,CHECKING,22770.53,CAD,ACTIVE,2026-09-29
50042,1036,SAVINGS,17386.94,CAD,ACTIVE,2026-09-29
50043,1036,SAVINGS,24945.45,CAD,ACTIVE,2026-09-29
50044,1037,SAVINGS,24685.7,CAD,ACTIVE,2026-09-29
50045,1038,SAVINGS,4643.89,CAD,ACTIVE,2026-09-29
50046,1039,SAVINGS,15986.39,CAD,ACTIVE,2026-09-29
50047,1040,SAVINGS,8786.68,CAD,INACTIVE,2026-09-29
50048,1040,CHECKING,3299.56,CAD,INACTIVE,2026-09-29
50049,1041,SAVINGS,20650.46,CAD,ACTIVE,2026-09-29
50050,1042,SAVINGS,17699.91,CAD,ACTIVE,2026-09-29
50051,1042,CHECKING,11623.75,CAD,ACTIVE,2026-09-29
50052,1043,SAVINGS,13656.46,CAD,ACTIVE,2026-09-29
50053,1044,SAVINGS,23158.18,CAD,ACTIVE,2026-09-29
50054,1045,SAVINGS,2728.77,CAD,INACTIVE,2026-09-29
50055,1046,CHECKING,3167.64,CAD,ACTIVE,2026-09-29
50056,1046,SAVINGS,17184.42,CAD,ACTIVE,2026-09-29
50057,1047,SAVINGS,7169.94,CAD,INACTIVE,2026-09-29
50058,1048,CHECKING,14209.09,CAD,INACTIVE,2026-09-29
50059,1049,CHECKING,8715.77,CAD,ACTIVE,2026-09-29
50060,1050,SAVINGS,12316.47,CAD,INACTIVE,2026-09-29
50061,1050,CHECKING,17783.85,CAD,INACTIVE,2026-09-29
50062,1051,CHECKING,22834.77,CAD,ACTIVE,2026-09-29
50063,1052,CHECKING,24994.95,CAD,INACTIVE,2026-09-29
50064,1053,SAVINGS,9507.0,CAD,ACTIVE,2026-09-29
50065,1054,SAVINGS,18834.04,CAD,INACTIVE,2026-09-29
50066,1055,SAVINGS,12830.89,CAD,INACTIVE,2026-09-29
50067,1056,CHECKING,7068.78,CAD,ACTIVE,2026-09-29
50068,1057,CHECKING,7065.72,CAD,ACTIVE,2026-09-29
50069,1058,CHECKING,16612.2,CAD,ACTIVE,2026-09-29
50070,1058,CHECKING,8890.25,CAD,ACTIVE,2026-09-29
50071,1059,SAVINGS,5419.47,CAD,INACTIVE,2026-09-29
50072,1060,SAVINGS,10440.51,CAD,ACTIVE,2026-09-29
50073,1061,CHECKING,22419.99,CAD,ACTIVE,2026-09-29
50074,1062,CHECKING,22369.7,CAD,INACTIVE,2026-09-29
50075,1063,CHECKING,1086.24,CAD,ACTIVE,2026-09-29
50076,1063,CHECKING,5314.56,CAD,ACTIVE,2026-09-29
50077,1064,CHECKING,9871.11,CAD,ACTIVE,2026-09-29
50078,1065,SAVINGS,20382.92,CAD,INACTIVE,2026-09-29
50079,1066,SAVINGS,15659.9,CAD,INACTIVE,2026-09-29
50080,1067,SAVINGS,9201.34,CAD,INACTIVE,2026-09-29
50081,1067,CHECKING,16611.56,CAD,INACTIVE,2026-09-29
50082,1068,SAVINGS,16339.87,CAD,ACTIVE,2026-09-29
50083,1069,SAVINGS,4615.31,CAD,INACTIVE,2026-09-29
50084,1070,SAVINGS,6830.33,CAD,INACTIVE,2026-09-29
50085,1071,CHECKING,24333.88,CAD,ACTIVE,2026-09-29
50086,1072,CHECKING,16207.25,CAD,ACTIVE,2026-09-29
50087,1073,CHECKING,13257.25,CAD,INACTIVE,2026-09-29
50088,1074,SAVINGS,3217.35,CAD,INACTIVE,2026-09-29
50089,1075,SAVINGS,19042.2,CAD,ACTIVE,2026-09-29
50090,1076,SAVINGS,17638.47,CAD,ACTIVE,2026-09-29
50091,1077,SAVINGS,6033.06,CAD,INACTIVE,2026-09-29
50092,1078,CHECKING,10110.87,CAD,INACTIVE,2026-09-29
50093,1079,SAVINGS,23123.89,CAD,INACTIVE,2026-09-29
50094,1079,SAVINGS,18977.73,CAD,INACTIVE,2026-09-29
50095,1080,CHECKING,15232.7,CAD,ACTIVE,2026-09-29
50096,1080,CHECKING,16236.06,CAD,INACTIVE,2026-09-29
50097,1081,CHECKING,5580.59,CAD,INACTIVE,2026-09-29
50098,1082,SAVINGS,24993.5,CAD,INACTIVE,2026-09-29
50099,1083,SAVINGS,17058.71,CAD,ACTIVE,2026-09-29
50100,1084,CHECKING,9201.05,CAD,INACTIVE,2026-09-29
50101,1085,SAVINGS,15328.59,CAD,INACTIVE,2026-09-29
50102,1086,SAVINGS,13139.06,CAD,ACTIVE,2026-09-29
50103,1086,CHECKING,21353.65,CAD,ACTIVE,2026-09-29
50104,1087,SAVINGS,23632.35,CAD,ACTIVE,2026-09-29
50105,1088,CHECKING,21721.77,CAD,INACTIVE,2026-09-29
50106,1089,SAVINGS,3979.95,CAD,ACTIVE,2026-09-29
50107,1090,CHECKING,8754.3,CAD,ACTIVE,2026-09-29
50108,1090,SAVINGS,2575.22,CAD,ACTIVE,2026-09-29
50109,1091,CHECKING,12763.88,CAD,INACTIVE,2026-09-29
50110,1091,SAVINGS,8354.7,CAD,ACTIVE,2026-09-29
50111,1092,CHECKING,10614.36,CAD,INACTIVE,2026-09-29
50112,1093,SAVINGS,15500.94,CAD,ACTIVE,2026-09-29
50113,1094,SAVINGS,16828.62,CAD,ACTIVE,2026-09-29
50114,1095,CHECKING,13309.93,CAD,INACTIVE,2026-09-29
50115,1096,SAVINGS,13464.06,CAD,ACTIVE,2026-09-29
50116,1097,SAVINGS,10076.89,CAD,INACTIVE,2026-09-29
50117,1098,SAVINGS,19569.9,CAD,ACTIVE,2026-09-29
50118,1099,SAVINGS,18493.52,CAD,INACTIVE,2026-09-29
50119,1099,SAVINGS,23048.56,CAD,ACTIVE,2026-09-29
50120,1100,CHECKING,11123.96,CAD,ACTIVE,2026-09-29
50121,1101,SAVINGS,18600.13,CAD,INACTIVE,2026-09-29
50122,1101,SAVINGS,9888.42,CAD,INACTIVE,2026-09-29
50123,1102,SAVINGS,16448.74,CAD,ACTIVE,2026-09-29
50124,1102,CHECKING,5738.69,CAD,ACTIVE,2026-09-29
50125,1103,CHECKING,4803.5,CAD,ACTIVE,2026-09-29
50126,1103,SAVINGS,23682.0,CAD,ACTIVE,2026-09-29
50127,1104,CHECKING,23531.97,CAD,INACTIVE,2026-09-29
50128,1105,SAVINGS,17635.12,CAD,ACTIVE,2026-09-29
50129,1106,CHECKING,15931.7,CAD,ACTIVE,2026-09-29
50130,1107,CHECKING,7301.68,CAD,INACTIVE,2026-09-29
50131,1108,CHECKING,21833.61,CAD,ACTIVE,2026-09-29
50132,1109,SAVINGS,17499.94,CAD,ACTIVE,2026-09-29
50133,1109,CHECKING,15273.48,CAD,INACTIVE,2026-09-29
50134,1110,CHECKING,9080.01,CAD,INACTIVE,2026-09-29
50135,1111,CHECKING,6416.89,CAD,ACTIVE,2026-09-29
50136,1112,CHECKING,7461.33,CAD,ACTIVE,2026-09-29
50137,1112,SAVINGS,10076.78,CAD,INACTIVE,2026-09-29
50138,1113,CHECKING,8045.04,CAD,INACTIVE,2026-09-29
50139,1113,CHECKING,12079.11,CAD,INACTIVE,2026-09-29
50140,1114,CHECKING,23158.04,CAD,ACTIVE,2026-09-29
50141,1115,CHECKING,1530.15,CAD,ACTIVE,2026-09-29
50142,1116,SAVINGS,1154.33,CAD,INACTIVE,2026-09-29
50143,1117,CHECKING,23033.88,CAD,INACTIVE,2026-09-29
50144,1118,SAVINGS,17672.71,CAD,INACTIVE,2026-09-29
50145,1118,CHECKING,9096.57,CAD,ACTIVE,2026-09-29
50146,1119,CHECKING,22240.25,CAD,ACTIVE,2026-09-29
50147,1120,CHECKING,10863.62,CAD,ACTIVE,2026-09-29
50148,1121,SAVINGS,21687.57,CAD,ACTIVE,2026-09-29
50149,1122,SAVINGS,1373.99,CAD,ACTIVE,2026-09-29
50150,1123,CHECKING,1722.94,CAD,ACTIVE,2026-09-29
50151,1124,SAVINGS,4055.05,CAD,ACTIVE,2026-09-29
50152,1125,CHECKING,6730.36,CAD,ACTIVE,2026-09-29
50153,1126,CHECKING,1378.33,CAD,INACTIVE,2026-09-29
50154,1127,SAVINGS,1863.0,CAD,ACTIVE,2026-09-29
50155,1128,CHECKING,12852.46,CAD,INACTIVE,2026-09-29
50156,1129,CHECKING,10267.64,CAD,INACTIVE,2026-09-29
50157,1130,SAVINGS,18768.92,CAD,ACTIVE,2026-09-29
50158,1131,CHECKING,9526.62,CAD,INACTIVE,2026-09-29
50159,1132,SAVINGS,18340.8,CAD,INACTIVE,2026-09-29
50160,1133,SAVINGS,8397.98,CAD,ACTIVE,2026-09-29
50161,1134,CHECKING,15653.94,CAD,ACTIVE,2026-09-29
50162,1135,CHECKING,7040.54,CAD,INACTIVE,2026-09-29
50163,1136,SAVINGS,7932.44,CAD,INACTIVE,2026-09-29
50164,1137,CHECKING,5095.96,CAD,ACTIVE,2026-09-29
50165,1137,CHECKING,8224.99,CAD,INACTIVE,2026-09-29
50166,1138,CHECKING,23795.23,CAD,ACTIVE,2026-09-29
50167,1139,SAVINGS,22358.92,CAD,ACTIVE,2026-09-29
50168,1139,SAVINGS,14358.38,CAD,INACTIVE,2026-09-29
50169,1140,CHECKING,6990.2,CAD,INACTIVE,2026-09-29
50170,1141,CHECKING,13113.2,CAD,ACTIVE,2026-09-29
50171,1142,SAVINGS,14688.56,CAD,INACTIVE,2026-09-29
50172,1143,SAVINGS,14938.38,CAD,INACTIVE,2026-09-29
50173,1143,SAVINGS,9420.4,CAD,INACTIVE,2026-09-29
50174,1144,SAVINGS,22594.15,CAD,INACTIVE,2026-09-29
50175,1145,SAVINGS,773.59,CAD,INACTIVE,2026-09-29
50176,1146,CHECKING,6289.54,CAD,INACTIVE,2026-09-29
50177,1146,CHECKING,19008.08,CAD,INACTIVE,2026-09-29
50178,1147,SAVINGS,6895.86,CAD,INACTIVE,2026-09-29
50179,1148,SAVINGS,3288.81,CAD,INACTIVE,2026-09-29
50180,1149,CHECKING,16467.88,CAD,ACTIVE,2026-09-29
50181,1150,CHECKING,11810.43,CAD,INACTIVE,2026-09-29
50182,1151,SAVINGS,24436.12,CAD,INACTIVE,2026-09-29
50183,1151,CHECKING,4814.21,CAD,ACTIVE,2026-09-29
50184,1152,CHECKING,6670.81,CAD,ACTIVE,2026-09-29
50185,1153,SAVINGS,4253.38,CAD,ACTIVE,2026-09-29
50186,1154,CHECKING,413.51,CAD,ACTIVE,2026-09-29
50187,1154,CHECKING,24157.71,CAD,ACTIVE,2026-09-29
50188,1155,CHECKING,7860.5,CAD,ACTIVE,2026-09-29
50189,1156,CHECKING,5132.44,CAD,ACTIVE,2026-09-29
50190,1157,CHECKING,7001.04,CAD,INACTIVE,2026-09-29
50191,1157,CHECKING,7166.34,CAD,ACTIVE,2026-09-29
50192,1158,SAVINGS,10865.38,CAD,ACTIVE,2026-09-29
50193,1159,SAVINGS,12839.47,CAD,ACTIVE,2026-09-29
50194,1159,SAVINGS,20903.26,CAD,ACTIVE,2026-09-29
50195,1160,SAVINGS,6694.98,CAD,INACTIVE,2026-09-29
50196,1161,CHECKING,11353.92,CAD,ACTIVE,2026-09-29
50197,1162,CHECKING,19351.55,CAD,INACTIVE,2026-09-29
50198,1163,SAVINGS,17533.49,CAD,INACTIVE,2026-09-29
50199,1163,CHECKING,6214.28,CAD,ACTIVE,2026-09-29
50200,1164,SAVINGS,14896.85,CAD,INACTIVE,2026-09-29
50201,1165,CHECKING,532.34,CAD,ACTIVE,2026-09-29
50202,1166,SAVINGS,3529.47,CAD,ACTIVE,2026-09-29
50203,1167,SAVINGS,12622.81,CAD,ACTIVE,2026-09-29
50204,1168,CHECKING,24905.61,CAD,INACTIVE,2026-09-29
50205,1168,CHECKING,2068.72,CAD,ACTIVE,2026-09-29
50206,1169,SAVINGS,3833.71,CAD,ACTIVE,2026-09-29
50207,1170,SAVINGS,19780.0,CAD,ACTIVE,2026-09-29
50208,1171,CHECKING,18679.97,CAD,INACTIVE,2026-09-29
50209,1171,SAVINGS,8821.12,CAD,ACTIVE,2026-09-29
50210,1172,CHECKING,11292.68,CAD,INACTIVE,2026-09-29
50211,1172,CHECKING,18954.29,CAD,ACTIVE,2026-09-29
50212,1173,CHECKING,12681.22,CAD,INACTIVE,2026-09-29
50213,1174,SAVINGS,8475.9,CAD,ACTIVE,2026-09-29
50214,1175,SAVINGS,8105.15,CAD,ACTIVE,2026-09-29
50215,1176,CHECKING,4275.59,CAD,ACTIVE,2026-09-29
50216,1177,CHECKING,4510.52,CAD,ACTIVE,2026-09-29
50217,1178,CHECKING,23610.62,CAD,ACTIVE,2026-09-29
50218,1178,CHECKING,8177.47,CAD,INACTIVE,2026-09-29
50219,1179,CHECKING,12398.11,CAD,INACTIVE,2026-09-29
50220,1180,CHECKING,157.1,CAD,INACTIVE,2026-09-29
50221,1180,SAVINGS,19314.49,CAD,INACTIVE,2026-09-29
50222,1181,SAVINGS,5645.68,CAD,ACTIVE,2026-09-29
50223,1181,SAVINGS,13335.37,CAD,INACTIVE,2026-09-29
50224,1182,SAVINGS,1952.27,CAD,INACTIVE,2026-09-29
50225,1182,SAVINGS,12766.91,CAD,INACTIVE,2026-09-29
50226,1183,SAVINGS,22587.26,CAD,ACTIVE,2026-09-29
50227,1184,SAVINGS,24243.53,CAD,INACTIVE,2026-09-29
50228,1185,SAVINGS,13490.62,CAD,INACTIVE,2026-09-29
50229,1185,SAVINGS,5452.72,CAD,ACTIVE,2026-09-29
50230,1186,CHECKING,16395.87,CAD,ACTIVE,2026-09-29
50231,1187,SAVINGS,20042.8,CAD,INACTIVE,2026-09-29
50232,1188,SAVINGS,1553.29,CAD,INACTIVE,2026-09-29
50233,1189,CHECKING,7933.28,CAD,INACTIVE,2026-09-29
50234,1190,CHECKING,20304.88,CAD,INACTIVE,2026-09-29
50235,1191,SAVINGS,11750.89,CAD,ACTIVE,2026-09-29
50236,1192,CHECKING,22253.88,CAD,INACTIVE,2026-09-29
50237,1192,CHECKING,17161.51,CAD,ACTIVE,2026-09-29
50238,1193,CHECKING,12380.44,CAD,ACTIVE,2026-09-29
50239,1194,SAVINGS,11432.89,CAD,INACTIVE,2026-09-29
50240,1194,SAVINGS,23305.18,CAD,ACTIVE,2026-09-29
50241,1195,CHECKING,7945.65,CAD,ACTIVE,2026-09-29
50242,1196,SAVINGS,1417.52,CAD,ACTIVE,2026-09-29
50243,1196,CHECKING,2993.46,CAD,INACTIVE,2026-09-29
50244,1197,CHECKING,6773.26,CAD,ACTIVE,2026-09-29
50245,1198,SAVINGS,7248.18,CAD,ACTIVE,2026-09-29
50246,1199,CHECKING,24476.41,CAD,INACTIVE,2026-09-29
50247,1200,CHECKING,20946.51,CAD,ACTIVE,2026-09-29
50248,1201,SAVINGS,5563.83,CAD,INACTIVE,2026-09-29
50249,1202,CHECKING,7755.73,CAD,ACTIVE,2026-09-29
50250,1203,SAVINGS,7328.29,CAD,ACTIVE,2026-09-29
50251,1204,SAVINGS,7207.3,CAD,ACTIVE,2026-09-29
50252,1205,CHECKING,11587.22,CAD,INACTIVE,2026-09-29
50253,1205,SAVINGS,18036.67,CAD,ACTIVE,2026-09-29
50254,1206,CHECKING,158.19,CAD,INACTIVE,2026-09-29
50255,1207,CHECKING,13935.16,CAD,INACTIVE,2026-09-29
50256,1208,SAVINGS,8258.98,CAD,INACTIVE,2026-09-29
50257,1209,SAVINGS,13490.49,CAD,INACTIVE,2026-09-29
50258,1209,CHECKING,12647.66,CAD,ACTIVE,2026-09-29
50259,1210,CHECKING,4950.94,CAD,ACTIVE,2026-09-29
50260,1210,SAVINGS,17067.74,CAD,INACTIVE,2026-09-29
50261,1211,CHECKING,22308.79,CAD,ACTIVE,2026-09-29
50262,1212,CHECKING,22619.35,CAD,ACTIVE,2026-09-29
50263,1213,SAVINGS,22969.88,CAD,INACTIVE,2026-09-29
50264,1214,SAVINGS,3804.6,CAD,INACTIVE,2026-09-29
50265,1215,SAVINGS,4593.12,CAD,ACTIVE,2026-09-29
50266,1216,SAVINGS,19622.66,CAD,INACTIVE,2026-09-29
50267,1217,SAVINGS,2315.63,CAD,INACTIVE,2026-09-29
50268,1218,CHECKING,24219.87,CAD,ACTIVE,2026-09-29
50269,1219,CHECKING,13749.54,CAD,ACTIVE,2026-09-29
50270,1220,SAVINGS,21242.12,CAD,ACTIVE,2026-09-29
50271,1220,CHECKING,14069.28,CAD,ACTIVE,2026-09-29
50272,1221,CHECKING,8871.53,CAD,INACTIVE,2026-09-29
50273,1222,CHECKING,8454.4,CAD,ACTIVE,2026-09-29
50274,1223,SAVINGS,12989.11,CAD,ACTIVE,2026-09-29
50275,1224,CHECKING,3558.66,CAD,INACTIVE,2026-09-29
50276,1225,CHECKING,13083.94,CAD,INACTIVE,2026-09-29
50277,1225,CHECKING,16395.13,CAD,INACTIVE,2026-09-29
50278,1226,CHECKING,5362.24,CAD,ACTIVE,2026-09-29
50279,1226,SAVINGS,9699.67,CAD,INACTIVE,2026-09-29
50280,1227,SAVINGS,20799.51,CAD,INACTIVE,2026-09-29
50281,1228,CHECKING,19630.02,CAD,ACTIVE,2026-09-29
50282,1229,CHECKING,19363.7,CAD,INACTIVE,2026-09-29
50283,1230,CHECKING,16915.49,CAD,ACTIVE,2026-09-29
50284,1231,SAVINGS,7513.95,CAD,ACTIVE,2026-09-29
50285,1232,SAVINGS,4488.84,CAD,INACTIVE,2026-09-29
50286,1233,CHECKING,15202.0,CAD,ACTIVE,2026-09-29
50287,1233,CHECKING,21392.29,CAD,INACTIVE,2026-09-29
50288,1234,SAVINGS,10818.78,CAD,INACTIVE,2026-09-29
50289,1234,CHECKING,16973.89,CAD,INACTIVE,2026-09-29
50290,1235,SAVINGS,21313.56,CAD,ACTIVE,2026-09-29
50291,1236,CHECKING,15225.06,CAD,INACTIVE,2026-09-29
50292,1237,CHECKING,13688.76,CAD,INACTIVE,2026-09-29
50293,1238,CHECKING,8455.19,CAD,ACTIVE,2026-09-29
50294,1239,SAVINGS,20386.73,CAD,ACTIVE,2026-09-29
50295,1240,SAVINGS,24927.14,CAD,ACTIVE,2026-09-29
50296,1240,SAVINGS,10234.85,CAD,ACTIVE,2026-09-29
50297,1241,SAVINGS,17226.02,CAD,ACTIVE,2026-09-29
50298,1241,SAVINGS,11320.07,CAD,ACTIVE,2026-09-29
50299,1242,CHECKING,19533.5,CAD,ACTIVE,2026-09-29
50300,1243,CHECKING,2768.52,CAD,INACTIVE,2026-09-29
50301,1244,CHECKING,14227.59,CAD,ACTIVE,2026-09-29
50302,1245,CHECKING,24427.89,CAD,INACTIVE,2026-09-29
50303,1246,SAVINGS,16182.41,CAD,ACTIVE,2026-09-29
50304,1247,CHECKING,16483.11,CAD,INACTIVE,2026-09-29
50305,1248,SAVINGS,10176.91,CAD,ACTIVE,2026-09-29
50306,1248,SAVINGS,922.23,CAD,INACTIVE,2026-09-29
50307,1249,SAVINGS,3347.6,CAD,ACTIVE,2026-09-29
50308,1249,CHECKING,24355.7,CAD,ACTIVE,2026-09-29
50309,1250,SAVINGS,1371.87,CAD,ACTIVE,2026-09-29
50310,1251,CHECKING,10550.19,CAD,ACTIVE,2026-09-29
50311,1252,SAVINGS,22602.79,CAD,INACTIVE,2026-09-29
50312,1252,CHECKING,22573.51,CAD,ACTIVE,2026-09-29
50313,1253,SAVINGS,1986.56,CAD,INACTIVE,2026-09-29
50314,1253,CHECKING,24919.06,CAD,INACTIVE,2026-09-29
50315,1254,CHECKING,22398.26,CAD,ACTIVE,2026-09-29
50316,1254,SAVINGS,1981.77,CAD,ACTIVE,2026-09-29
50317,1255,CHECKING,19206.91,CAD,ACTIVE,2026-09-29
50318,1256,SAVINGS,1345.04,CAD,INACTIVE,2026-09-29
50319,1257,CHECKING,7435.49,CAD,INACTIVE,2026-09-29
50320,1258,SAVINGS,3908.29,CAD,INACTIVE,2026-09-29
50321,1259,SAVINGS,20658.28,CAD,ACTIVE,2026-09-29
50322,1260,SAVINGS,17231.48,CAD,ACTIVE,2026-09-29
50323,1261,SAVINGS,3842.36,CAD,INACTIVE,2026-09-29
50324,1262,CHECKING,15413.2,CAD,INACTIVE,2026-09-29
50325,1263,CHECKING,14790.56,CAD,ACTIVE,2026-09-29
50326,1264,CHECKING,3851.12,CAD,INACTIVE,2026-09-29
50327,1265,CHECKING,20133.46,CAD,ACTIVE,2026-09-29
50328,1266,SAVINGS,20774.99,CAD,INACTIVE,2026-09-29
50329,1267,SAVINGS,21230.17,CAD,INACTIVE,2026-09-29
50330,1268,SAVINGS,13880.07,CAD,INACTIVE,2026-09-29
50331,1269,CHECKING,13281.19,CAD,ACTIVE,2026-09-29
50332,1270,SAVINGS,22700.25,CAD,ACTIVE,2026-09-29
50333,1271,SAVINGS,20613.87,CAD,INACTIVE,2026-09-29
50334,1272,CHECKING,5119.73,CAD,INACTIVE,2026-09-29
50335,1272,CHECKING,826.16,CAD,INACTIVE,2026-09-29
50336,1273,SAVINGS,23187.6,CAD,ACTIVE,2026-09-29
50337,1274,CHECKING,21770.82,CAD,ACTIVE,2026-09-29
50338,1275,CHECKING,23672.12,CAD,INACTIVE,2026-09-29
50339,1276,CHECKING,10857.96,CAD,INACTIVE,2026-09-29
50340,1277,CHECKING,19636.07,CAD,ACTIVE,2026-09-29
50341,1278,CHECKING,18814.7,CAD,INACTIVE,2026-09-29
50342,1279,CHECKING,2726.82,CAD,ACTIVE,2026-09-29
50343,1279,SAVINGS,7169.81,CAD,ACTIVE,2026-09-29
50344,1280,CHECKING,23645.03,CAD,ACTIVE,2026-09-29
50345,1281,CHECKING,319.75,CAD,INACTIVE,2026-09-29
50346,1282,CHECKING,9662.85,CAD,ACTIVE,2026-09-29
50347,1283,CHECKING,4037.58,CAD,ACTIVE,2026-09-29
50348,1284,SAVINGS,5362.07,CAD,ACTIVE,2026-09-29
50349,1284,CHECKING,18898.04,CAD,ACTIVE,2026-09-29
50350,1285,CHECKING,23387.03,CAD,ACTIVE,2026-09-29
50351,1286,CHECKING,19224.23,CAD,ACTIVE,2026-09-29
50352,1287,SAVINGS,15255.12,CAD,ACTIVE,2026-09-29
50353,1288,SAVINGS,9423.44,CAD,ACTIVE,2026-09-29
50354,1289,SAVINGS,1043.04,CAD,ACTIVE,2026-09-29
50355,1290,CHECKING,6894.83,CAD,INACTIVE,2026-09-29
50356,1291,SAVINGS,14975.89,CAD,ACTIVE,2026-09-29
50357,1292,CHECKING,20636.38,CAD,INACTIVE,2026-09-29
50358,1293,CHECKING,23163.61,CAD,INACTIVE,2026-09-29
50359,1293,CHECKING,15135.53,CAD,ACTIVE,2026-09-29
50360,1294,SAVINGS,19153.92,CAD,ACTIVE,2026-09-29
50361,1295,SAVINGS,5743.39,CAD,INACTIVE,2026-09-29
50362,1295,SAVINGS,4573.56,CAD,ACTIVE,2026-09-29
50363,1296,CHECKING,3035.32,CAD,INACTIVE,2026-09-29
50364,1297,CHECKING,1332.65,CAD,INACTIVE,2026-09-29
50365,1298,SAVINGS,9075.92,CAD,INACTIVE,2026-09-29
50366,1299,CHECKING,6472.14,CAD,ACTIVE,2026-09-29
50367,1300,CHECKING,4766.59,CAD,INACTIVE,2026-09-29
50368,1301,CHECKING,6693.84,CAD,INACTIVE,2026-09-29
50369,1302,SAVINGS,1531.6,CAD,ACTIVE,2026-09-29
50370,1302,SAVINGS,17593.76,CAD,ACTIVE,2026-09-29
50371,1303,CHECKING,14002.41,CAD,ACTIVE,2026-09-29
50372,1303,SAVINGS,17877.0,CAD,INACTIVE,2026-09-29
50373,1304,SAVINGS,5353.3,CAD,INACTIVE,2026-09-29
50374,1305,CHECKING,3540.61,CAD,ACTIVE,2026-09-29
50375,1306,CHECKING,13626.36,CAD,INACTIVE,2026-09-29
50376,1307,CHECKING,23119.25,CAD,INACTIVE,2026-09-29
50377,1308,SAVINGS,687.18,CAD,INACTIVE,2026-09-29
50378,1309,CHECKING,13296.48,CAD,INACTIVE,2026-09-29
50379,1310,SAVINGS,8208.14,CAD,ACTIVE,2026-09-29
50380,1311,SAVINGS,4018.61,CAD,INACTIVE,2026-09-29
50381,1312,CHECKING,16093.05,CAD,ACTIVE,2026-09-29
50382,1313,CHECKING,2592.16,CAD,INACTIVE,2026-09-29
50383,1314,CHECKING,10310.31,CAD,INACTIVE,2026-09-29
50384,1314,CHECKING,18540.79,CAD,INACTIVE,2026-09-29
50385,1315,SAVINGS,14950.9,CAD,INACTIVE,2026-09-29
50386,1316,CHECKING,16423.84,CAD,ACTIVE,2026-09-29
50387,1317,SAVINGS,13419.13,CAD,INACTIVE,2026-09-29
50388,1318,SAVINGS,2257.11,CAD,ACTIVE,2026-09-29
50389,1319,CHECKING,17869.39,CAD,INACTIVE,2026-09-29
50390,1319,CHECKING,22401.9,CAD,ACTIVE,2026-09-29
50391,1320,SAVINGS,18341.0,CAD,ACTIVE,2026-09-29
50392,1321,CHECKING,14215.27,CAD,ACTIVE,2026-09-29
50393,1321,CHECKING,13826.96,CAD,ACTIVE,2026-09-29
50394,1322,SAVINGS,10978.35,CAD,ACTIVE,2026-09-29
50395,1323,CHECKING,18153.25,CAD,ACTIVE,2026-09-29
50396,1324,SAVINGS,22254.14,CAD,ACTIVE,2026-09-29
50397,1325,SAVINGS,14992.41,CAD,INACTIVE,2026-09-29
50398,1326,SAVINGS,6071.06,CAD,INACTIVE,2026-09-29
50399,1327,SAVINGS,766.68,CAD,INACTIVE,2026-09-29
50400,1328,CHECKING,21366.87,CAD,INACTIVE,2026-09-29
50401,1329,CHECKING,24771.92,CAD,INACTIVE,2026-09-29
50402,1330,CHECKING,17685.69,CAD,INACTIVE,2026-09-29
50403,1330,CHECKING,12699.87,CAD,ACTIVE,2026-09-29
50404,1331,SAVINGS,22619.72,CAD,ACTIVE,2026-09-29
50405,1332,SAVINGS,6771.3,CAD,INACTIVE,2026-09-29
50406,1332,CHECKING,9716.76,CAD,INACTIVE,2026-09-29
50407,1333,SAVINGS,7648.35,CAD,INACTIVE,2026-09-29
50408,1333,CHECKING,454.73,CAD,ACTIVE,2026-09-29
50409,1334,SAVINGS,2106.02,CAD,INACTIVE,2026-09-29
50410,1335,SAVINGS,5887.74,CAD,INACTIVE,2026-09-29
50411,1335,SAVINGS,3957.7,CAD,ACTIVE,2026-09-29
50412,1336,SAVINGS,22589.64,CAD,ACTIVE,2026-09-29
50413,1337,SAVINGS,7417.87,CAD,INACTIVE,2026-09-29
50414,1338,CHECKING,15545.99,CAD,INACTIVE,2026-09-29
50415,1339,CHECKING,6368.99,CAD,INACTIVE,2026-09-29
50416,1339,SAVINGS,2336.72,CAD,INACTIVE,2026-09-29
50417,1340,SAVINGS,21039.63,CAD,INACTIVE,2026-09-29
50418,1341,CHECKING,5397.84,CAD,INACTIVE,2026-09-29
50419,1342,SAVINGS,21361.04,CAD,INACTIVE,2026-09-29
50420,1343,SAVINGS,13231.03,CAD,INACTIVE,2026-09-29
50421,1344,SAVINGS,24091.56,CAD,ACTIVE,2026-09-29
50422,1345,SAVINGS,8889.89,CAD,INACTIVE,2026-09-29
50423,1346,SAVINGS,7674.12,CAD,ACTIVE,2026-09-29
50424,1347,SAVINGS,9166.36,CAD,INACTIVE,2026-09-29
50425,1348,SAVINGS,24085.61,CAD,INACTIVE,2026-09-29
50426,1349,SAVINGS,20154.03,CAD,INACTIVE,2026-09-29
50427,1350,CHECKING,13931.5,CAD,INACTIVE,2026-09-29
50428,1351,CHECKING,16140.24,CAD,ACTIVE,2026-09-29
50429,1351,CHECKING,7081.42,CAD,INACTIVE,2026-09-29
50430,1352,CHECKING,12075.02,CAD,INACTIVE,2026-09-29
50431,1353,CHECKING,24782.29,CAD,ACTIVE,2026-09-29
50432,1353,SAVINGS,21732.09,CAD,INACTIVE,2026-09-29
50433,1354,CHECKING,769.15,CAD,ACTIVE,2026-09-29
50434,1355,CHECKING,22050.77,CAD,INACTIVE,2026-09-29
50435,1356,CHECKING,4304.02,CAD,ACTIVE,2026-09-29
50436,1357,CHECKING,23211.94,CAD,INACTIVE,2026-09-29
50437,1358,SAVINGS,14018.9,CAD,ACTIVE,2026-09-29
50438,1359,SAVINGS,424.99,CAD,ACTIVE,2026-09-29
50439,1359,SAVINGS,11442.65,CAD,INACTIVE,2026-09-29
50440,1360,CHECKING,16870.38,CAD,INACTIVE,2026-09-29
50441,1361,SAVINGS,12766.08,CAD,ACTIVE,2026-09-29
50442,1362,CHECKING,18792.43,CAD,INACTIVE,2026-09-29
50443,1362,SAVINGS,1118.21,CAD,ACTIVE,2026-09-29
50444,1363,SAVINGS,13791.38,CAD,ACTIVE,2026-09-29
50445,1364,SAVINGS,21958.64,CAD,ACTIVE,2026-09-29
50446,1365,SAVINGS,13322.64,CAD,ACTIVE,2026-09-29
50447,1366,CHECKING,20801.24,CAD,INACTIVE,2026-09-29
50448,1367,SAVINGS,9254.57,CAD,INACTIVE,2026-09-29
50449,1368,SAVINGS,13294.59,CAD,INACTIVE,2026-09-29
50450,1369,CHECKING,10373.48,CAD,ACTIVE,2026-09-29
50451,1370,SAVINGS,20909.35,CAD,ACTIVE,2026-09-29
50452,1370,CHECKING,18565.19,CAD,INACTIVE,2026-09-29
50453,1371,CHECKING,12865.72,CAD,ACTIVE,2026-09-29
50454,1371,SAVINGS,17270.97,CAD,INACTIVE,2026-09-29
50455,1372,CHECKING,6317.26,CAD,ACTIVE,2026-09-29
50456,1373,CHECKING,17655.22,CAD,ACTIVE,2026-09-29
50457,1374,CHECKING,12998.74,CAD,INACTIVE,2026-09-29
50458,1375,SAVINGS,21464.34,CAD,ACTIVE,2026-09-29
50459,1375,CHECKING,21669.92,CAD,INACTIVE,2026-09-29
50460,1376,CHECKING,8689.55,CAD,ACTIVE,2026-09-29
50461,1377,SAVINGS,22013.46,CAD,INACTIVE,2026-09-29
50462,1377,CHECKING,4865.94,CAD,ACTIVE,2026-09-29
50463,1378,SAVINGS,16126.49,CAD,INACTIVE,2026-09-29
50464,1379,CHECKING,7556.17,CAD,ACTIVE,2026-09-29
50465,1379,CHECKING,22763.4,CAD,INACTIVE,2026-09-29
50466,1380,CHECKING,15357.85,CAD,INACTIVE,2026-09-29
50467,1381,SAVINGS,6584.81,CAD,INACTIVE,2026-09-29
50468,1381,SAVINGS,10790.29,CAD,INACTIVE,2026-09-29
50469,1382,CHECKING,18891.0,CAD,ACTIVE,2026-09-29
50470,1382,CHECKING,13011.34,CAD,ACTIVE,2026-09-29
50471,1383,CHECKING,3205.32,CAD,INACTIVE,2026-09-29
50472,1384,SAVINGS,10088.79,CAD,INACTIVE,2026-09-29
50473,1385,CHECKING,1798.78,CAD,ACTIVE,2026-09-29
50474,1386,SAVINGS,16650.4,CAD,INACTIVE,2026-09-29
50475,1386,SAVINGS,3571.17,CAD,ACTIVE,2026-09-29
50476,1387,CHECKING,13113.46,CAD,INACTIVE,2026-09-29
50477,1387,SAVINGS,16386.36,CAD,ACTIVE,2026-09-29
50478,1388,SAVINGS,2757.83,CAD,ACTIVE,2026-09-29
50479,1389,SAVINGS,23674.61,CAD,ACTIVE,2026-09-29
50480,1390,SAVINGS,11525.41,CAD,INACTIVE,2026-09-29
50481,1391,SAVINGS,22848.39,CAD,ACTIVE,2026-09-29
50482,1392,CHECKING,22539.49,CAD,INACTIVE,2026-09-29
50483,1393,SAVINGS,3773.33,CAD,INACTIVE,2026-09-29
50484,1394,SAVINGS,4528.1,CAD,ACTIVE,2026-09-29
50485,1395,SAVINGS,9364.08,CAD,INACTIVE,2026-09-29
50486,1396,SAVINGS,17037.66,CAD,ACTIVE,2026-09-29
50487,1397,CHECKING,2061.51,CAD,INACTIVE,2026-09-29
50488,1397,SAVINGS,22222.71,CAD,ACTIVE,2026-09-29
50489,1398,SAVINGS,2413.28,CAD,ACTIVE,2026-09-29
50490,1399,SAVINGS,5988.72,CAD,INACTIVE,2026-09-29
50491,1400,CHECKING,2698.67,CAD,ACTIVE,2026-09-29
50492,1401,CHECKING,23819.18,CAD,INACTIVE,2026-09-29
50493,1402,SAVINGS,4343.89,CAD,ACTIVE,2026-09-29
50494,1402,SAVINGS,3304.24,CAD,INACTIVE,2026-09-29
50495,1403,CHECKING,13790.29,CAD,ACTIVE,2026-09-29
50496,1403,CHECKING,10011.69,CAD,ACTIVE,2026-09-29
50497,1404,CHECKING,16117.58,CAD,ACTIVE,2026-09-29
50498,1405,CHECKING,19041.1,CAD,ACTIVE,2026-09-29
50499,1406,SAVINGS,11518.77,CAD,INACTIVE,2026-09-29
50500,1407,CHECKING,18129.45,CAD,INACTIVE,2026-09-29
50501,1408,SAVINGS,13340.95,CAD,INACTIVE,2026-09-29
50502,1409,CHECKING,7659.76,CAD,INACTIVE,2026-09-29
50503,1410,SAVINGS,3017.84,CAD,ACTIVE,2026-09-29
50504,1411,SAVINGS,12484.51,CAD,ACTIVE,2026-09-29
50505,1411,SAVINGS,3797.35,CAD,INACTIVE,2026-09-29
50506,1412,CHECKING,3556.75,CAD,ACTIVE,2026-09-29
50507,1413,SAVINGS,3034.9,CAD,INACTIVE,2026-09-29
50508,1413,SAVINGS,21858.37,CAD,ACTIVE,2026-09-29
50509,1414,CHECKING,8187.85,CAD,ACTIVE,2026-09-29
50510,1414,SAVINGS,796.46,CAD,INACTIVE,2026-09-29
50511,1415,CHECKING,9737.74,CAD,INACTIVE,2026-09-29
50512,1415,SAVINGS,1457.23,CAD,INACTIVE,2026-09-29
50513,1416,CHECKING,16282.2,CAD,ACTIVE,2026-09-29
50514,1417,CHECKING,1216.42,CAD,INACTIVE,2026-09-29
50515,1418,CHECKING,15969.76,CAD,ACTIVE,2026-09-29
50516,1419,CHECKING,5727.62,CAD,INACTIVE,2026-09-29
50517,1420,SAVINGS,20668.91,CAD,ACTIVE,2026-09-29
50518,1421,SAVINGS,18348.05,CAD,INACTIVE,2026-09-29
50519,1421,SAVINGS,10220.72,CAD,ACTIVE,2026-09-29
50520,1422,CHECKING,19058.68,CAD,ACTIVE,2026-09-29
50521,1422,CHECKING,1661.24,CAD,INACTIVE,2026-09-29
50522,1423,SAVINGS,19034.02,CAD,ACTIVE,2026-09-29
50523,1424,SAVINGS,4659.31,CAD,ACTIVE,2026-09-29
50524,1425,SAVINGS,5384.99,CAD,INACTIVE,2026-09-29
50525,1425,CHECKING,353.7,CAD,INACTIVE,2026-09-29
50526,1426,SAVINGS,22135.21,CAD,INACTIVE,2026-09-29
50527,1427,SAVINGS,175.05,CAD,INACTIVE,2026-09-29
50528,1428,CHECKING,22511.15,CAD,ACTIVE,2026-09-29
50529,1428,CHECKING,3606.58,CAD,INACTIVE,2026-09-29
50530,1429,CHECKING,7788.27,CAD,INACTIVE,2026-09-29
50531,1430,CHECKING,1871.98,CAD,INACTIVE,2026-09-29
50532,1431,CHECKING,2931.75,CAD,INACTIVE,2026-09-29
50533,1432,SAVINGS,20363.38,CAD,ACTIVE,2026-09-29
50534,1433,CHECKING,7293.09,CAD,INACTIVE,2026-09-29
50535,1434,SAVINGS,23966.81,CAD,ACTIVE,2026-09-29
50536,1435,SAVINGS,12624.29,CAD,ACTIVE,2026-09-29
50537,1436,CHECKING,19687.54,CAD,INACTIVE,2026-09-29
50538,1437,SAVINGS,17701.79,CAD,INACTIVE,2026-09-29
50539,1438,CHECKING,6358.06,CAD,INACTIVE,2026-09-29
50540,1439,CHECKING,18902.89,CAD,INACTIVE,2026-09-29
50541,1440,SAVINGS,11934.1,CAD,ACTIVE,2026-09-29
50542,1441,CHECKING,10637.6,CAD,INACTIVE,2026-09-29
50543,1442,SAVINGS,2370.71,CAD,ACTIVE,2026-09-29
50544,1442,SAVINGS,3477.11,CAD,ACTIVE,2026-09-29
50545,1443,CHECKING,14648.98,CAD,INACTIVE,2026-09-29
50546,1443,SAVINGS,4231.89,CAD,INACTIVE,2026-09-29
50547,1444,SAVINGS,18695.67,CAD,ACTIVE,2026-09-29
50548,1445,SAVINGS,2735.9,CAD,ACTIVE,2026-09-29
50549,1446,CHECKING,12921.05,CAD,INACTIVE,2026-09-29
50550,1447,CHECKING,15972.04,CAD,ACTIVE,2026-09-29
50551,1448,SAVINGS,1743.17,CAD,ACTIVE,2026-09-29
50552,1448,CHECKING,18142.47,CAD,ACTIVE,2026-09-29
50553,1449,CHECKING,12984.67,CAD,ACTIVE,2026-09-29
50554,1450,SAVINGS,24960.76,CAD,INACTIVE,2026-09-29
50555,1450,SAVINGS,4322.23,CAD,INACTIVE,2026-09-29
50556,1451,SAVINGS,10625.8,CAD,INACTIVE,2026-09-29
50557,1452,SAVINGS,12734.36,CAD,ACTIVE,2026-09-29
50558,1453,CHECKING,10326.9,CAD,ACTIVE,2026-09-29
50559,1454,CHECKING,10534.4,CAD,ACTIVE,2026-09-29
50560,1454,SAVINGS,9897.87,CAD,INACTIVE,2026-09-29
50561,1455,SAVINGS,8681.95,CAD,ACTIVE,2026-09-29
50562,1456,SAVINGS,5354.91,CAD,INACTIVE,2026-09-29
50563,1456,SAVINGS,21409.47,CAD,INACTIVE,2026-09-29
50564,1457,CHECKING,16324.77,CAD,INACTIVE,2026-09-29
50565,1457,CHECKING,4645.22,CAD,INACTIVE,2026-09-29
50566,1458,CHECKING,23750.95,CAD,ACTIVE,2026-09-29
50567,1459,SAVINGS,1400.77,CAD,INACTIVE,2026-09-29
50568,1460,SAVINGS,7284.0,CAD,ACTIVE,2026-09-29
50569,1460,SAVINGS,9710.51,CAD,INACTIVE,2026-09-29
50570,1461,SAVINGS,8383.92,CAD,INACTIVE,2026-09-29
50571,1461,SAVINGS,1864.2,CAD,ACTIVE,2026-09-29
50572,1462,SAVINGS,20889.51,CAD,ACTIVE,2026-09-29
50573,1463,SAVINGS,21138.51,CAD,INACTIVE,2026-09-29
50574,1464,SAVINGS,6674.01,CAD,ACTIVE,2026-09-29
50575,1465,SAVINGS,7051.87,CAD,INACTIVE,2026-09-29
50576,1466,CHECKING,3957.57,CAD,INACTIVE,2026-09-29
50577,1467,SAVINGS,2692.08,CAD,INACTIVE,2026-09-29
50578,1468,CHECKING,5003.21,CAD,ACTIVE,2026-09-29
50579,1468,SAVINGS,6236.83,CAD,ACTIVE,2026-09-29
50580,1469,SAVINGS,2531.85,CAD,ACTIVE,2026-09-29
50581,1470,CHECKING,4769.74,CAD,ACTIVE,2026-09-29
50582,1471,SAVINGS,1671.01,CAD,INACTIVE,2026-09-29
50583,1472,SAVINGS,3709.82,CAD,ACTIVE,2026-09-29
50584,1472,CHECKING,18240.33,CAD,ACTIVE,2026-09-29
50585,1473,SAVINGS,14258.06,CAD,ACTIVE,2026-09-29
50586,1474,CHECKING,21044.67,CAD,INACTIVE,2026-09-29
50587,1475,SAVINGS,8254.28,CAD,INACTIVE,2026-09-29
50588,1476,CHECKING,10737.87,CAD,ACTIVE,2026-09-29
50589,1477,SAVINGS,7068.2,CAD,ACTIVE,2026-09-29
50590,1477,CHECKING,7111.54,CAD,ACTIVE,2026-09-29
50591,1478,CHECKING,11769.63,CAD,ACTIVE,2026-09-29
50592,1479,SAVINGS,22291.71,CAD,INACTIVE,2026-09-29
50593,1480,CHECKING,20801.56,CAD,ACTIVE,2026-09-29
50594,1481,CHECKING,11630.79,CAD,INACTIVE,2026-09-29
50595,1482,CHECKING,4933.42,CAD,INACTIVE,2026-09-29
50596,1483,SAVINGS,13599.73,CAD,ACTIVE,2026-09-29
50597,1484,SAVINGS,4096.24,CAD,ACTIVE,2026-09-29
50598,1485,SAVINGS,12042.33,CAD,INACTIVE,2026-09-29
50599,1486,CHECKING,13808.48,CAD,INACTIVE,2026-09-29
50600,1486,SAVINGS,5183.39,CAD,ACTIVE,2026-09-29
50601,1487,CHECKING,17908.23,CAD,ACTIVE,2026-09-29
50602,1487,CHECKING,7016.6,CAD,ACTIVE,2026-09-29
50603,1488,CHECKING,11229.74,CAD,ACTIVE,2026-09-29
50604,1488,SAVINGS,12870.08,CAD,INACTIVE,2026-09-29
50605,1489,SAVINGS,17434.58,CAD,INACTIVE,2026-09-29
50606,1490,SAVINGS,3364.22,CAD,INACTIVE,2026-09-29
50607,1490,CHECKING,11676.07,CAD,ACTIVE,2026-09-29
50608,1491,SAVINGS,15850.04,CAD,INACTIVE,2026-09-29
50609,1491,SAVINGS,2127.87,CAD,ACTIVE,2026-09-29
50610,1492,SAVINGS,9752.23,CAD,ACTIVE,2026-09-29
50611,1493,CHECKING,20659.78,CAD,ACTIVE,2026-09-29
50612,1494,SAVINGS,1718.9,CAD,ACTIVE,2026-09-29
50613,1494,SAVINGS,9107.43,CAD,ACTIVE,2026-09-29
50614,1495,SAVINGS,433.41,CAD,ACTIVE,2026-09-29
50615,1496,SAVINGS,7558.62,CAD,ACTIVE,2026-09-29
50616,1497,SAVINGS,12417.42,CAD,ACTIVE,2026-09-29
50617,1498,SAVINGS,17471.63,CAD,ACTIVE,2026-09-29
50618,1499,SAVINGS,16617.69,CAD,ACTIVE,2026-09-29
50619,1500,SAVINGS,14585.45,CAD,ACTIVE,2026-09-29
50620,1501,SAVINGS,21405.38,CAD,ACTIVE,2026-09-29
50621,1501,CHECKING,23664.11,CAD,ACTIVE,2026-09-29
50622,1502,CHECKING,2990.89,CAD,INACTIVE,2026-09-29
50623,1503,CHECKING,12170.53,CAD,ACTIVE,2026-09-29
50624,1504,CHECKING,4858.28,CAD,INACTIVE,2026-09-29
50625,1505,CHECKING,1140.62,CAD,INACTIVE,2026-09-29
50626,1506,CHECKING,14955.26,CAD,ACTIVE,2026-09-29
50627,1506,SAVINGS,1077.21,CAD,ACTIVE,2026-09-29
50628,1507,SAVINGS,3366.29,CAD,ACTIVE,2026-09-29
50629,1508,SAVINGS,10693.42,CAD,ACTIVE,2026-09-29
50630,1509,CHECKING,11133.55,CAD,ACTIVE,2026-09-29
50631,1509,SAVINGS,4710.34,CAD,INACTIVE,2026-09-29
50632,1510,SAVINGS,20838.16,CAD,ACTIVE,2026-09-29
50633,1511,CHECKING,10394.6,CAD,ACTIVE,2026-09-29
50634,1511,CHECKING,4371.95,CAD,ACTIVE,2026-09-29
50635,1512,CHECKING,20999.55,CAD,ACTIVE,2026-09-29
50636,1513,SAVINGS,13716.77,CAD,INACTIVE,2026-09-29
50637,1514,SAVINGS,19205.81,CAD,ACTIVE,2026-09-29
50638,1515,CHECKING,6659.29,CAD,ACTIVE,2026-09-29
50639,1515,CHECKING,10225.53,CAD,ACTIVE,2026-09-29
50640,1516,CHECKING,843.53,CAD,INACTIVE,2026-09-29
50641,1517,SAVINGS,21009.53,CAD,INACTIVE,2026-09-29
50642,1518,SAVINGS,8363.7,CAD,INACTIVE,2026-09-29
50643,1519,SAVINGS,23261.14,CAD,ACTIVE,2026-09-29
50644,1519,CHECKING,3080.53,CAD,ACTIVE,2026-09-29
50645,1520,SAVINGS,4913.06,CAD,INACTIVE,2026-09-29
50646,1520,SAVINGS,6369.45,CAD,INACTIVE,2026-09-29
50647,1521,SAVINGS,15732.8,CAD,INACTIVE,2026-09-29
50648,1522,SAVINGS,17936.04,CAD,INACTIVE,2026-09-29
50649,1523,SAVINGS,10827.41,CAD,INACTIVE,2026-09-29
50650,1524,SAVINGS,15573.93,CAD,INACTIVE,2026-09-29
50651,1525,SAVINGS,9326.92,CAD,INACTIVE,2026-09-29
50652,1525,SAVINGS,22590.41,CAD,ACTIVE,2026-09-29
50653,1526,CHECKING,19294.26,CAD,INACTIVE,2026-09-29
50654,1527,SAVINGS,16247.37,CAD,INACTIVE,2026-09-29
50655,1528,CHECKING,18524.94,CAD,INACTIVE,2026-09-29
50656,1528,CHECKING,15796.39,CAD,ACTIVE,2026-09-29
50657,1529,SAVINGS,4174.12,CAD,INACTIVE,2026-09-29
50658,1530,CHECKING,10795.26,CAD,INACTIVE,2026-09-29
50659,1530,CHECKING,1499.96,CAD,INACTIVE,2026-09-29
50660,1531,CHECKING,13729.92,CAD,INACTIVE,2026-09-29
50661,1532,CHECKING,3234.85,CAD,INACTIVE,2026-09-29
50662,1533,SAVINGS,19747.4,CAD,INACTIVE,2026-09-29
50663,1534,CHECKING,15040.28,CAD,INACTIVE,2026-09-29
50664,1535,CHECKING,18813.01,CAD,INACTIVE,2026-09-29
50665,1536,SAVINGS,18590.44,CAD,ACTIVE,2026-09-29
50666,1536,CHECKING,10606.81,CAD,ACTIVE,2026-09-29
50667,1537,SAVINGS,21092.91,CAD,ACTIVE,2026-09-29
50668,1538,CHECKING,4900.81,CAD,ACTIVE,2026-09-29
50669,1538,SAVINGS,22255.36,CAD,INACTIVE,2026-09-29
50670,1539,CHECKING,13158.77,CAD,ACTIVE,2026-09-29
50671,1539,CHECKING,14900.16,CAD,ACTIVE,2026-09-29
50672,1540,CHECKING,18350.11,CAD,ACTIVE,2026-09-29
50673,1541,SAVINGS,2874.05,CAD,INACTIVE,2026-09-29
50674,1542,SAVINGS,4275.13,CAD,INACTIVE,2026-09-29
50675,1543,SAVINGS,19343.56,CAD,ACTIVE,2026-09-29
50676,1544,CHECKING,8451.79,CAD,INACTIVE,2026-09-29
50677,1544,SAVINGS,5650.43,CAD,ACTIVE,2026-09-29
50678,1545,SAVINGS,11479.21,CAD,ACTIVE,2026-09-29
50679,1545,SAVINGS,7392.77,CAD,INACTIVE,2026-09-29
50680,1546,SAVINGS,6895.05,CAD,ACTIVE,2026-09-29
50681,1546,SAVINGS,17958.72,CAD,ACTIVE,2026-09-29
50682,1547,SAVINGS,7270.47,CAD,INACTIVE,2026-09-29
50683,1548,CHECKING,23024.03,CAD,ACTIVE,2026-09-29
50684,1549,SAVINGS,4167.4,CAD,ACTIVE,2026-09-29
50685,1549,SAVINGS,9835.88,CAD,ACTIVE,2026-09-29
50686,1550,SAVINGS,14355.34,CAD,INACTIVE,2026-09-29
50687,1550,SAVINGS,10960.36,CAD,ACTIVE,2026-09-29
50688,1551,CHECKING,23859.84,CAD,ACTIVE,2026-09-29
50689,1552,SAVINGS,14536.08,CAD,ACTIVE,2026-09-29
50690,1553,SAVINGS,18313.71,CAD,INACTIVE,2026-09-29
50691,1554,SAVINGS,19216.27,CAD,ACTIVE,2026-09-29
50692,1554,SAVINGS,21246.79,CAD,INACTIVE,2026-09-29
50693,1555,SAVINGS,22898.73,CAD,ACTIVE,2026-09-29
50694,1555,SAVINGS,7808.48,CAD,INACTIVE,2026-09-29
50695,1556,SAVINGS,7427.81,CAD,INACTIVE,2026-09-29
50696,1557,SAVINGS,13534.46,CAD,INACTIVE,2026-09-29
50697,1558,SAVINGS,15241.71,CAD,ACTIVE,2026-09-29
50698,1559,CHECKING,23006.07,CAD,ACTIVE,2026-09-29
50699,1560,CHECKING,11086.32,CAD,ACTIVE,2026-09-29
50700,1561,CHECKING,8945.85,CAD,ACTIVE,2026-09-29
50701,1562,CHECKING,18672.4,CAD,ACTIVE,2026-09-29
50702,1562,SAVINGS,10258.39,CAD,INACTIVE,2026-09-29
50703,1563,SAVINGS,20899.81,CAD,ACTIVE,2026-09-29
50704,1564,CHECKING,11026.94,CAD,INACTIVE,2026-09-29
50705,1565,CHECKING,20875.2,CAD,ACTIVE,2026-09-29
50706,1566,CHECKING,19954.78,CAD,ACTIVE,2026-09-29
50707,1567,SAVINGS,3919.43,CAD,ACTIVE,2026-09-29
50708,1568,CHECKING,15347.12,CAD,ACTIVE,2026-09-29
50709,1568,CHECKING,356.48,CAD,INACTIVE,2026-09-29
50710,1569,SAVINGS,3856.28,CAD,ACTIVE,2026-09-29
50711,1570,CHECKING,17361.9,CAD,INACTIVE,2026-09-29
50712,1571,SAVINGS,4946.48,CAD,ACTIVE,2026-09-29
50713,1571,CHECKING,19037.38,CAD,ACTIVE,2026-09-29
50714,1572,SAVINGS,11186.12,CAD,ACTIVE,2026-09-29
50715,1573,SAVINGS,2240.81,CAD,ACTIVE,2026-09-29
50716,1574,SAVINGS,13340.47,CAD,ACTIVE,2026-09-29
50717,1575,SAVINGS,22081.22,CAD,INACTIVE,2026-09-29
50718,1575,SAVINGS,10775.47,CAD,INACTIVE,2026-09-29
50719,1576,SAVINGS,7682.72,CAD,ACTIVE,2026-09-29
50720,1577,CHECKING,8001.91,CAD,INACTIVE,2026-09-29
50721,1578,SAVINGS,1948.43,CAD,INACTIVE,2026-09-29
50722,1579,SAVINGS,18738.29,CAD,ACTIVE,2026-09-29
50723,1579,SAVINGS,5524.41,CAD,INACTIVE,2026-09-29
50724,1580,CHECKING,11331.49,CAD,ACTIVE,2026-09-29
50725,1581,SAVINGS,6023.57,CAD,INACTIVE,2026-09-29
50726,1582,CHECKING,1800.42,CAD,ACTIVE,2026-09-29
50727,1583,CHECKING,13661.1,CAD,INACTIVE,2026-09-29
50728,1583,CHECKING,880.15,CAD,ACTIVE,2026-09-29
50729,1584,CHECKING,13981.92,CAD,ACTIVE,2026-09-29
50730,1584,CHECKING,22142.24,CAD,ACTIVE,2026-09-29
50731,1585,SAVINGS,1291.17,CAD,ACTIVE,2026-09-29
50732,1586,SAVINGS,3914.5,CAD,INACTIVE,2026-09-29
50733,1586,SAVINGS,7163.74,CAD,INACTIVE,2026-09-29
50734,1587,SAVINGS,20343.76,CAD,INACTIVE,2026-09-29
50735,1588,CHECKING,22203.58,CAD,INACTIVE,2026-09-29
50736,1588,CHECKING,20679.44,CAD,INACTIVE,2026-09-29
50737,1589,SAVINGS,10431.39,CAD,ACTIVE,2026-09-29
50738,1589,SAVINGS,8332.78,CAD,ACTIVE,2026-09-29
50739,1590,SAVINGS,12864.0,CAD,ACTIVE,2026-09-29
50740,1591,CHECKING,1076.21,CAD,ACTIVE,2026-09-29
50741,1592,CHECKING,21486.65,CAD,INACTIVE,2026-09-29
50742,1592,SAVINGS,141.87,CAD,INACTIVE,2026-09-29
50743,1593,SAVINGS,24305.09,CAD,INACTIVE,2026-09-29
50744,1594,CHECKING,922.59,CAD,INACTIVE,2026-09-29
50745,1595,SAVINGS,11234.65,CAD,INACTIVE,2026-09-29
50746,1596,CHECKING,15866.74,CAD,ACTIVE,2026-09-29
50747,1597,SAVINGS,15406.15,CAD,ACTIVE,2026-09-29
50748,1597,CHECKING,17526.12,CAD,ACTIVE,2026-09-29
50749,1598,CHECKING,20156.15,CAD,INACTIVE,2026-09-29
50750,1598,CHECKING,10231.23,CAD,ACTIVE,2026-09-29
50751,1599,CHECKING,8611.8,CAD,INACTIVE,2026-09-29
50752,1600,SAVINGS,19986.42,CAD,ACTIVE,2026-09-29
50753,1601,CHECKING,21475.06,CAD,ACTIVE,2026-09-29
50754,1601,SAVINGS,17964.31,CAD,ACTIVE,2026-09-29
50755,1602,CHECKING,6915.09,CAD,ACTIVE,2026-09-29
50756,1602,CHECKING,9859.01,CAD,ACTIVE,2026-09-29
50757,1603,CHECKING,5752.12,CAD,INACTIVE,2026-09-29
50758,1603,CHECKING,9553.22,CAD,INACTIVE,2026-09-29
50759,1604,CHECKING,10848.52,CAD,INACTIVE,2026-09-29
50760,1605,CHECKING,7286.03,CAD,INACTIVE,2026-09-29
50761,1606,SAVINGS,11379.2,CAD,INACTIVE,2026-09-29
50762,1607,CHECKING,22032.85,CAD,INACTIVE,2026-09-29
50763,1607,SAVINGS,7168.2,CAD,ACTIVE,2026-09-29
50764,1608,SAVINGS,5920.28,CAD,ACTIVE,2026-09-29
50765,1609,CHECKING,15221.27,CAD,ACTIVE,2026-09-29
50766,1609,CHECKING,19180.6,CAD,ACTIVE,2026-09-29
50767,1610,SAVINGS,19156.97,CAD,ACTIVE,2026-09-29
50768,1611,CHECKING,3222.02,CAD,ACTIVE,2026-09-29
50769,1612,CHECKING,11341.15,CAD,ACTIVE,2026-09-29
50770,1613,CHECKING,2135.69,CAD,INACTIVE,2026-09-29
50771,1614,CHECKING,20051.3,CAD,INACTIVE,2026-09-29
50772,1615,CHECKING,12432.03,CAD,INACTIVE,2026-09-29
50773,1615,CHECKING,14855.74,CAD,ACTIVE,2026-09-29
50774,1616,SAVINGS,21831.31,CAD,ACTIVE,2026-09-29
50775,1617,CHECKING,22236.47,CAD,ACTIVE,2026-09-29
50776,1618,SAVINGS,14616.96,CAD,ACTIVE,2026-09-29
50777,1618,CHECKING,21796.47,CAD,INACTIVE,2026-09-29
50778,1619,CHECKING,9584.49,CAD,ACTIVE,2026-09-29
50779,1620,SAVINGS,4074.57,CAD,ACTIVE,2026-09-29
50780,1620,CHECKING,6602.11,CAD,ACTIVE,2026-09-29
50781,1621,CHECKING,11303.17,CAD,INACTIVE,2026-09-29
50782,1621,CHECKING,16098.6,CAD,INACTIVE,2026-09-29
50783,1622,CHECKING,5798.2,CAD,INACTIVE,2026-09-29
50784,1623,CHECKING,4924.0,CAD,INACTIVE,2026-09-29
50785,1624,CHECKING,17485.35,CAD,ACTIVE,2026-09-29
50786,1624,CHECKING,1936.82,CAD,INACTIVE,2026-09-29
50787,1625,SAVINGS,8240.97,CAD,ACTIVE,2026-09-29
50788,1626,SAVINGS,15083.54,CAD,ACTIVE,2026-09-29
50789,1627,CHECKING,22680.18,CAD,ACTIVE,2026-09-29
50790,1628,SAVINGS,21125.07,CAD,INACTIVE,2026-09-29
50791,1629,SAVINGS,22966.44,CAD,INACTIVE,2026-09-29
50792,1630,CHECKING,8572.75,CAD,ACTIVE,2026-09-29
50793,1630,SAVINGS,4785.24,CAD,ACTIVE,2026-09-29
50794,1631,SAVINGS,17056.32,CAD,ACTIVE,2026-09-29
50795,1632,CHECKING,4760.68,CAD,INACTIVE,2026-09-29
50796,1632,SAVINGS,13411.98,CAD,INACTIVE,2026-09-29
50797,1633,CHECKING,5162.69,CAD,ACTIVE,2026-09-29
50798,1634,CHECKING,24125.03,CAD,INACTIVE,2026-09-29
50799,1634,SAVINGS,20804.83,CAD,ACTIVE,2026-09-29
50800,1635,SAVINGS,1559.86,CAD,INACTIVE,2026-09-29
50801,1636,CHECKING,2766.38,CAD,ACTIVE,2026-09-29
50802,1637,SAVINGS,9163.1,CAD,ACTIVE,2026-09-29
50803,1637,CHECKING,2889.11,CAD,INACTIVE,2026-09-29
50804,1638,CHECKING,3547.3,CAD,INACTIVE,2026-09-29
50805,1638,CHECKING,9677.18,CAD,INACTIVE,2026-09-29
50806,1639,CHECKING,4456.84,CAD,ACTIVE,2026-09-29
50807,1640,SAVINGS,7735.2,CAD,INACTIVE,2026-09-29
50808,1640,SAVINGS,10698.33,CAD,INACTIVE,2026-09-29
50809,1641,CHECKING,9388.3,CAD,INACTIVE,2026-09-29
50810,1642,CHECKING,16503.4,CAD,INACTIVE,2026-09-29
50811,1642,CHECKING,1498.33,CAD,ACTIVE,2026-09-29
50812,1643,CHECKING,21069.08,CAD,ACTIVE,2026-09-29
50813,1644,CHECKING,8034.3,CAD,ACTIVE,2026-09-29
50814,1645,SAVINGS,8099.0,CAD,INACTIVE,2026-09-29
50815,1646,CHECKING,23151.74,CAD,INACTIVE,2026-09-29
50816,1647,SAVINGS,13828.83,CAD,ACTIVE,2026-09-29
50817,1648,CHECKING,4709.55,CAD,INACTIVE,2026-09-29
50818,1649,CHECKING,11983.7,CAD,ACTIVE,2026-09-29
50819,1650,CHECKING,7795.15,CAD,ACTIVE,2026-09-29
50820,1651,CHECKING,14677.16,CAD,ACTIVE,2026-09-29
50821,1652,CHECKING,6536.76,CAD,INACTIVE,2026-09-29
50822,1653,SAVINGS,1455.35,CAD,ACTIVE,2026-09-29
50823,1654,CHECKING,10559.67,CAD,ACTIVE,2026-09-29
50824,1655,CHECKING,11856.53,CAD,ACTIVE,2026-09-29
50825,1656,SAVINGS,6335.45,CAD,ACTIVE,2026-09-29
50826,1657,SAVINGS,21686.3,CAD,ACTIVE,2026-09-29
50827,1657,SAVINGS,22202.88,CAD,ACTIVE,2026-09-29
50828,1658,SAVINGS,22761.71,CAD,ACTIVE,2026-09-29
50829,1659,SAVINGS,3123.16,CAD,INACTIVE,2026-09-29
50830,1660,CHECKING,24869.36,CAD,INACTIVE,2026-09-29
50831,1660,SAVINGS,19411.0,CAD,ACTIVE,2026-09-29
50832,1661,CHECKING,403.64,CAD,ACTIVE,2026-09-29
50833,1662,CHECKING,22590.18,CAD,ACTIVE,2026-09-29
50834,1663,SAVINGS,20223.43,CAD,INACTIVE,2026-09-29
50835,1664,CHECKING,6953.3,CAD,INACTIVE,2026-09-29
50836,1664,SAVINGS,16053.37,CAD,INACTIVE,2026-09-29
50837,1665,CHECKING,11196.13,CAD,ACTIVE,2026-09-29
50838,1665,SAVINGS,22160.36,CAD,INACTIVE,2026-09-29
50839,1666,CHECKING,18280.91,CAD,ACTIVE,2026-09-29
50840,1667,SAVINGS,11161.67,CAD,ACTIVE,2026-09-29
50841,1668,SAVINGS,16124.64,CAD,ACTIVE,2026-09-29
50842,1668,CHECKING,6445.95,CAD,ACTIVE,2026-09-29
50843,1669,SAVINGS,1494.95,CAD,INACTIVE,2026-09-29
50844,1670,SAVINGS,15953.74,CAD,INACTIVE,2026-09-29
50845,1671,SAVINGS,1077.86,CAD,ACTIVE,2026-09-29
50846,1671,SAVINGS,24291.91,CAD,ACTIVE,2026-09-29
50847,1672,CHECKING,4871.18,CAD,ACTIVE,2026-09-29
50848,1673,SAVINGS,2117.9,CAD,ACTIVE,2026-09-29
50849,1674,SAVINGS,4274.41,CAD,ACTIVE,2026-09-29
50850,1675,SAVINGS,8600.98,CAD,ACTIVE,2026-09-29
50851,1676,SAVINGS,16297.49,CAD,INACTIVE,2026-09-29
50852,1677,SAVINGS,772.81,CAD,INACTIVE,2026-09-29
50853,1677,CHECKING,18339.0,CAD,ACTIVE,2026-09-29
50854,1678,SAVINGS,16537.4,CAD,ACTIVE,2026-09-29
50855,1678,CHECKING,19925.97,CAD,INACTIVE,2026-09-29
50856,1679,SAVINGS,16561.51,CAD,INACTIVE,2026-09-29
50857,1680,CHECKING,8010.84,CAD,INACTIVE,2026-09-29
50858,1681,SAVINGS,17288.38,CAD,INACTIVE,2026-09-29
50859,1682,SAVINGS,11331.39,CAD,ACTIVE,2026-09-29
50860,1683,CHECKING,17212.19,CAD,ACTIVE,2026-09-29
50861,1684,SAVINGS,1272.35,CAD,ACTIVE,2026-09-29
50862,1685,SAVINGS,23658.69,CAD,ACTIVE,2026-09-29
50863,1686,CHECKING,23332.22,CAD,INACTIVE,2026-09-29
50864,1687,CHECKING,23099.41,CAD,INACTIVE,2026-09-29
50865,1688,SAVINGS,13055.43,CAD,INACTIVE,2026-09-29
50866,1688,SAVINGS,15845.24,CAD,ACTIVE,2026-09-29
50867,1689,CHECKING,17529.45,CAD,INACTIVE,2026-09-29
50868,1690,CHECKING,16494.59,CAD,INACTIVE,2026-09-29
50869,1691,SAVINGS,11027.04,CAD,ACTIVE,2026-09-29
50870,1692,SAVINGS,5065.09,CAD,ACTIVE,2026-09-29
50871,1692,SAVINGS,18863.75,CAD,ACTIVE,2026-09-29
50872,1693,CHECKING,2314.32,CAD,ACTIVE,2026-09-29
50873,1694,SAVINGS,20581.11,CAD,ACTIVE,2026-09-29
50874,1694,SAVINGS,20417.05,CAD,INACTIVE,2026-09-29
50875,1695,CHECKING,12356.84,CAD,ACTIVE,2026-09-29
50876,1696,CHECKING,10826.87,CAD,INACTIVE,2026-09-29
50877,1697,CHECKING,17041.57,CAD,ACTIVE,2026-09-29
50878,1698,SAVINGS,16433.93,CAD,ACTIVE,2026-09-29
50879,1699,CHECKING,15812.79,CAD,INACTIVE,2026-09-29
50880,1700,CHECKING,20986.99,CAD,INACTIVE,2026-09-29
50881,1700,CHECKING,12418.99,CAD,INACTIVE,2026-09-29
50882,1701,CHECKING,9425.5,CAD,ACTIVE,2026-09-29
50883,1701,CHECKING,15549.73,CAD,ACTIVE,2026-09-29
50884,1702,CHECKING,11283.28,CAD,INACTIVE,2026-09-29
50885,1703,CHECKING,24882.54,CAD,ACTIVE,2026-09-29
50886,1704,SAVINGS,10468.28,CAD,INACTIVE,2026-09-29
50887,1704,SAVINGS,24802.44,CAD,ACTIVE,2026-09-29
50888,1705,SAVINGS,2733.49,CAD,ACTIVE,2026-09-29
50889,1706,CHECKING,10778.01,CAD,INACTIVE,2026-09-29
50890,1706,CHECKING,24441.55,CAD,ACTIVE,2026-09-29
50891,1707,CHECKING,3467.59,CAD,ACTIVE,2026-09-29
50892,1708,SAVINGS,4038.63,CAD,ACTIVE,2026-09-29
50893,1708,SAVINGS,2493.17,CAD,INACTIVE,2026-09-29
50894,1709,CHECKING,11105.25,CAD,ACTIVE,2026-09-29
50895,1710,CHECKING,16133.03,CAD,ACTIVE,2026-09-29
50896,1710,CHECKING,15172.46,CAD,INACTIVE,2026-09-29
50897,1711,CHECKING,12510.17,CAD,INACTIVE,2026-09-29
50898,1711,SAVINGS,3235.93,CAD,ACTIVE,2026-09-29
50899,1712,CHECKING,17747.76,CAD,INACTIVE,2026-09-29
50900,1713,SAVINGS,12274.5,CAD,ACTIVE,2026-09-29
50901,1714,CHECKING,4915.46,CAD,ACTIVE,2026-09-29
50902,1715,CHECKING,19701.6,CAD,INACTIVE,2026-09-29
50903,1716,CHECKING,22943.78,CAD,INACTIVE,2026-09-29
50904,1717,CHECKING,14524.01,CAD,ACTIVE,2026-09-29
50905,1717,SAVINGS,10267.41,CAD,INACTIVE,2026-09-29
50906,1718,CHECKING,12149.16,CAD,INACTIVE,2026-09-29
50907,1719,CHECKING,17756.71,CAD,ACTIVE,2026-09-29
50908,1719,CHECKING,10009.95,CAD,ACTIVE,2026-09-29
50909,1720,SAVINGS,22296.31,CAD,ACTIVE,2026-09-29
50910,1721,SAVINGS,7597.35,CAD,ACTIVE,2026-09-29
50911,1721,SAVINGS,4605.34,CAD,INACTIVE,2026-09-29
50912,1722,CHECKING,3036.51,CAD,INACTIVE,2026-09-29
50913,1722,CHECKING,10861.16,CAD,INACTIVE,2026-09-29
50914,1723,CHECKING,19704.34,CAD,ACTIVE,2026-09-29
50915,1724,SAVINGS,2245.41,CAD,ACTIVE,2026-09-29
50916,1725,CHECKING,4021.57,CAD,ACTIVE,2026-09-29
50917,1726,CHECKING,3580.99,CAD,INACTIVE,2026-09-29
50918,1726,SAVINGS,14231.36,CAD,ACTIVE,2026-09-29
50919,1727,SAVINGS,22679.78,CAD,ACTIVE,2026-09-29
50920,1728,CHECKING,1009.43,CAD,ACTIVE,2026-09-29
50921,1729,CHECKING,16678.8,CAD,INACTIVE,2026-09-29
50922,1730,SAVINGS,18614.99,CAD,INACTIVE,2026-09-29
50923,1731,CHECKING,2028.77,CAD,ACTIVE,2026-09-29
50924,1732,SAVINGS,7069.05,CAD,INACTIVE,2026-09-29
50925,1733,SAVINGS,7385.67,CAD,INACTIVE,2026-09-29
50926,1734,CHECKING,9887.39,CAD,ACTIVE,2026-09-29
50927,1735,SAVINGS,4060.53,CAD,ACTIVE,2026-09-29
50928,1736,SAVINGS,4876.28,CAD,ACTIVE,2026-09-29
50929,1736,CHECKING,11191.78,CAD,ACTIVE,2026-09-29
50930,1737,CHECKING,19850.08,CAD,ACTIVE,2026-09-29
50931,1738,CHECKING,3794.57,CAD,INACTIVE,2026-09-29
50932,1739,CHECKING,15550.98,CAD,ACTIVE,2026-09-29
50933,1740,SAVINGS,16475.08,CAD,INACTIVE,2026-09-29
50934,1741,CHECKING,4540.2,CAD,INACTIVE,2026-09-29
50935,1741,CHECKING,14534.9,CAD,ACTIVE,2026-09-29
50936,1742,CHECKING,18478.72,CAD,INACTIVE,2026-09-29
50937,1743,CHECKING,1492.92,CAD,INACTIVE,2026-09-29
50938,1744,SAVINGS,13558.26,CAD,INACTIVE,2026-09-29
50939,1745,SAVINGS,7650.18,CAD,ACTIVE,2026-09-29
50940,1746,SAVINGS,12665.0,CAD,ACTIVE,2026-09-29
50941,1747,SAVINGS,10600.43,CAD,INACTIVE,2026-09-29
50942,1748,SAVINGS,20874.7,CAD,ACTIVE,2026-09-29
50943,1749,CHECKING,12272.44,CAD,ACTIVE,2026-09-29
50944,1750,SAVINGS,1856.46,CAD,INACTIVE,2026-09-29
50945,1751,CHECKING,6828.25,CAD,INACTIVE,2026-09-29
50946,1752,SAVINGS,16482.96,CAD,INACTIVE,2026-09-29
50947,1753,SAVINGS,18963.58,CAD,INACTIVE,2026-09-29
50948,1754,SAVINGS,21869.57,CAD,INACTIVE,2026-09-29
50949,1755,CHECKING,2343.23,CAD,INACTIVE,2026-09-29
50950,1756,CHECKING,14072.62,CAD,ACTIVE,2026-09-29
50951,1757,CHECKING,19526.04,CAD,ACTIVE,2026-09-29
50952,1757,SAVINGS,17864.38,CAD,ACTIVE,2026-09-29
50953,1758,CHECKING,2431.21,CAD,INACTIVE,2026-09-29
50954,1759,CHECKING,18944.12,CAD,INACTIVE,2026-09-29
50955,1760,CHECKING,15343.32,CAD,ACTIVE,2026-09-29
50956,1761,SAVINGS,17263.14,CAD,INACTIVE,2026-09-29
50957,1762,SAVINGS,19077.39,CAD,ACTIVE,2026-09-29
50958,1763,SAVINGS,12763.39,CAD,ACTIVE,2026-09-29
50959,1764,CHECKING,20085.54,CAD,ACTIVE,2026-09-29
50960,1765,CHECKING,6866.32,CAD,INACTIVE,2026-09-29
50961,1766,SAVINGS,14695.74,CAD,ACTIVE,2026-09-29
50962,1767,CHECKING,13789.18,CAD,INACTIVE,2026-09-29
50963,1768,SAVINGS,14417.45,CAD,ACTIVE,2026-09-29
50964,1769,SAVINGS,19420.2,CAD,INACTIVE,2026-09-29
50965,1770,SAVINGS,12420.47,CAD,INACTIVE,2026-09-29
50966,1770,SAVINGS,12137.04,CAD,INACTIVE,2026-09-29
50967,1771,SAVINGS,4976.78,CAD,INACTIVE,2026-09-29
50968,1772,SAVINGS,21066.67,CAD,INACTIVE,2026-09-29
50969,1772,CHECKING,9941.11,CAD,ACTIVE,2026-09-29
50970,1773,SAVINGS,15800.07,CAD,ACTIVE,2026-09-29
50971,1774,SAVINGS,19487.16,CAD,INACTIVE,2026-09-29
50972,1775,SAVINGS,9537.62,CAD,ACTIVE,2026-09-29
50973,1775,CHECKING,172.66,CAD,INACTIVE,2026-09-29
50974,1776,CHECKING,23794.11,CAD,INACTIVE,2026-09-29
50975,1777,CHECKING,9520.44,CAD,ACTIVE,2026-09-29
50976,1778,CHECKING,4679.22,CAD,INACTIVE,2026-09-29
50977,1779,CHECKING,7516.53,CAD,ACTIVE,2026-09-29
50978,1779,SAVINGS,18827.41,CAD,INACTIVE,2026-09-29
50979,1780,CHECKING,6441.96,CAD,INACTIVE,2026-09-29
50980,1781,CHECKING,23411.28,CAD,INACTIVE,2026-09-29
50981,1781,CHECKING,24456.59,CAD,ACTIVE,2026-09-29
50982,1782,CHECKING,4425.56,CAD,ACTIVE,2026-09-29
50983,1782,CHECKING,9510.39,CAD,INACTIVE,2026-09-29
50984,1783,SAVINGS,20963.6,CAD,INACTIVE,2026-09-29
50985,1784,SAVINGS,14448.94,CAD,INACTIVE,2026-09-29
50986,1785,CHECKING,23938.42,CAD,ACTIVE,2026-09-29
50987,1785,CHECKING,19539.2,CAD,INACTIVE,2026-09-29
50988,1786,SAVINGS,3557.65,CAD,INACTIVE,2026-09-29
50989,1787,SAVINGS,4629.06,CAD,INACTIVE,2026-09-29
50990,1788,SAVINGS,3509.82,CAD,INACTIVE,2026-09-29
50991,1789,SAVINGS,5981.56,CAD,ACTIVE,2026-09-29
50992,1790,CHECKING,15046.51,CAD,ACTIVE,2026-09-29
50993,1791,CHECKING,7608.69,CAD,INACTIVE,2026-09-29
50994,1791,SAVINGS,16451.43,CAD,INACTIVE,2026-09-29
50995,1792,CHECKING,9239.47,CAD,ACTIVE,2026-09-29
50996,1792,CHECKING,20778.14,CAD,INACTIVE,2026-09-29
50997,1793,SAVINGS,1311.62,CAD,ACTIVE,2026-09-29
50998,1794,SAVINGS,4458.22,CAD,INACTIVE,2026-09-29
50999,1794,SAVINGS,22119.98,CAD,ACTIVE,2026-09-29
51000,1795,SAVINGS,2098.81,CAD,INACTIVE,2026-09-29
51001,1796,SAVINGS,23367.22,CAD,ACTIVE,2026-09-29
51002,1797,CHECKING,19905.94,CAD,ACTIVE,2026-09-29
51003,1798,SAVINGS,9953.72,CAD,ACTIVE,2026-09-29
51004,1799,CHECKING,17014.46,CAD,INACTIVE,2026-09-29
51005,1800,CHECKING,17820.58,CAD,ACTIVE,2026-09-29
51006,1801,SAVINGS,22478.3,CAD,ACTIVE,2026-09-29
51007,1801,CHECKING,6777.69,CAD,INACTIVE,2026-09-29
51008,1802,SAVINGS,6516.45,CAD,INACTIVE,2026-09-29
51009,1803,CHECKING,3608.28,CAD,INACTIVE,2026-09-29
51010,1803,CHECKING,5173.62,CAD,INACTIVE,2026-09-29
51011,1804,SAVINGS,12191.99,CAD,INACTIVE,2026-09-29
51012,1805,CHECKING,24941.12,CAD,ACTIVE,2026-09-29
51013,1805,SAVINGS,14586.34,CAD,ACTIVE,2026-09-29
51014,1806,SAVINGS,18532.04,CAD,ACTIVE,2026-09-29
51015,1807,SAVINGS,2820.97,CAD,INACTIVE,2026-09-29
51016,1807,SAVINGS,3843.33,CAD,ACTIVE,2026-09-29
51017,1808,SAVINGS,20518.6,CAD,ACTIVE,2026-09-29
51018,1809,CHECKING,10761.57,CAD,ACTIVE,2026-09-29
51019,1809,CHECKING,2079.89,CAD,ACTIVE,2026-09-29
51020,1810,SAVINGS,13401.41,CAD,ACTIVE,2026-09-29
51021,1810,SAVINGS,12080.39,CAD,INACTIVE,2026-09-29
51022,1811,CHECKING,15505.51,CAD,INACTIVE,2026-09-29
51023,1812,CHECKING,8346.58,CAD,INACTIVE,2026-09-29
51024,1813,SAVINGS,22511.65,CAD,ACTIVE,2026-09-29
51025,1814,CHECKING,13881.3,CAD,ACTIVE,2026-09-29
51026,1815,CHECKING,16134.59,CAD,INACTIVE,2026-09-29
51027,1815,SAVINGS,259.23,CAD,INACTIVE,2026-09-29
51028,1816,CHECKING,15384.78,CAD,ACTIVE,2026-09-29
51029,1817,CHECKING,14736.55,CAD,INACTIVE,2026-09-29
51030,1818,CHECKING,14749.11,CAD,INACTIVE,2026-09-29
51031,1819,CHECKING,14228.07,CAD,INACTIVE,2026-09-29
51032,1820,CHECKING,12955.61,CAD,INACTIVE,2026-09-29
51033,1821,CHECKING,7598.09,CAD,INACTIVE,2026-09-29
51034,1822,CHECKING,21391.74,CAD,INACTIVE,2026-09-29
51035,1822,CHECKING,17281.62,CAD,ACTIVE,2026-09-29
51036,1823,CHECKING,4305.05,CAD,INACTIVE,2026-09-29
51037,1824,CHECKING,9135.16,CAD,INACTIVE,2026-09-29
51038,1824,SAVINGS,13647.95,CAD,INACTIVE,2026-09-29
51039,1825,CHECKING,7909.59,CAD,ACTIVE,2026-09-29
51040,1826,CHECKING,6414.83,CAD,ACTIVE,2026-09-29
51041,1827,SAVINGS,10957.62,CAD,INACTIVE,2026-09-29
51042,1828,SAVINGS,6499.68,CAD,INACTIVE,2026-09-29
51043,1828,SAVINGS,16956.7,CAD,INACTIVE,2026-09-29
51044,1829,CHECKING,20858.25,CAD,ACTIVE,2026-09-29
51045,1830,SAVINGS,19465.15,CAD,ACTIVE,2026-09-29
51046,1831,CHECKING,19811.42,CAD,INACTIVE,2026-09-29
51047,1832,SAVINGS,19625.44,CAD,ACTIVE,2026-09-29
51048,1833,CHECKING,4378.18,CAD,INACTIVE,2026-09-29
51049,1833,CHECKING,10289.49,CAD,ACTIVE,2026-09-29
51050,1834,CHECKING,22674.46,CAD,INACTIVE,2026-09-29
51051,1835,SAVINGS,18800.92,CAD,INACTIVE,2026-09-29
51052,1835,CHECKING,4892.13,CAD,INACTIVE,2026-09-29
51053,1836,CHECKING,9890.46,CAD,ACTIVE,2026-09-29
51054,1837,SAVINGS,965.5,CAD,ACTIVE,2026-09-29
51055,1837,SAVINGS,3961.11,CAD,ACTIVE,2026-09-29
51056,1838,CHECKING,961.93,CAD,INACTIVE,2026-09-29
51057,1838,SAVINGS,6802.35,CAD,ACTIVE,2026-09-29
51058,1839,SAVINGS,7818.43,CAD,ACTIVE,2026-09-29
51059,1840,SAVINGS,21670.72,CAD,ACTIVE,2026-09-29
51060,1841,SAVINGS,3372.64,CAD,INACTIVE,2026-09-29
51061,1842,CHECKING,6230.16,CAD,INACTIVE,2026-09-29
51062,1843,SAVINGS,9531.99,CAD,INACTIVE,2026-09-29
51063,1844,CHECKING,18164.67,CAD,INACTIVE,2026-09-29
51064,1845,SAVINGS,20901.66,CAD,INACTIVE,2026-09-29
51065,1846,CHECKING,13980.24,CAD,ACTIVE,2026-09-29
51066,1847,SAVINGS,24148.58,CAD,ACTIVE,2026-09-29
51067,1847,CHECKING,870.69,CAD,ACTIVE,2026-09-29
51068,1848,CHECKING,19306.81,CAD,INACTIVE,2026-09-29
51069,1849,SAVINGS,23371.72,CAD,ACTIVE,2026-09-29
51070,1850,SAVINGS,8227.57,CAD,INACTIVE,2026-09-29
51071,1851,CHECKING,24109.25,CAD,INACTIVE,2026-09-29
51072,1852,SAVINGS,20674.75,CAD,ACTIVE,2026-09-29
51073,1853,CHECKING,13991.41,CAD,ACTIVE,2026-09-29
51074,1854,CHECKING,2875.59,CAD,INACTIVE,2026-09-29
51075,1855,CHECKING,19936.69,CAD,INACTIVE,2026-09-29
51076,1856,SAVINGS,21298.27,CAD,INACTIVE,2026-09-29
51077,1857,SAVINGS,13060.72,CAD,INACTIVE,2026-09-29
51078,1858,CHECKING,13300.02,CAD,INACTIVE,2026-09-29
51079,1859,SAVINGS,3915.86,CAD,INACTIVE,2026-09-29
51080,1859,CHECKING,16019.39,CAD,INACTIVE,2026-09-29
51081,1860,CHECKING,13196.5,CAD,INACTIVE,2026-09-29
51082,1861,SAVINGS,2765.68,CAD,ACTIVE,2026-09-29
51083,1862,SAVINGS,1813.56,CAD,INACTIVE,2026-09-29
51084,1863,SAVINGS,22549.09,CAD,INACTIVE,2026-09-29
51085,1863,CHECKING,2066.76,CAD,ACTIVE,2026-09-29
51086,1864,CHECKING,7380.91,CAD,ACTIVE,2026-09-29
51087,1865,SAVINGS,4153.25,CAD,INACTIVE,2026-09-29
51088,1865,CHECKING,21855.35,CAD,ACTIVE,2026-09-29
51089,1866,CHECKING,11411.74,CAD,ACTIVE,2026-09-29
51090,1867,SAVINGS,3963.57,CAD,INACTIVE,2026-09-29
51091,1868,CHECKING,7749.77,CAD,INACTIVE,2026-09-29
51092,1869,CHECKING,22513.74,CAD,ACTIVE,2026-09-29
51093,1870,CHECKING,9642.52,CAD,ACTIVE,2026-09-29
51094,1871,SAVINGS,2737.72,CAD,ACTIVE,2026-09-29
51095,1872,SAVINGS,6997.0,CAD,INACTIVE,2026-09-29
51096,1872,CHECKING,19434.54,CAD,INACTIVE,2026-09-29
51097,1873,CHECKING,3982.44,CAD,ACTIVE,2026-09-29
51098,1874,CHECKING,2125.94,CAD,INACTIVE,2026-09-29
51099,1875,SAVINGS,495.87,CAD,INACTIVE,2026-09-29
51100,1876,CHECKING,5258.26,CAD,ACTIVE,2026-09-29
51101,1876,CHECKING,23661.98,CAD,ACTIVE,2026-09-29
51102,1877,SAVINGS,20264.5,CAD,ACTIVE,2026-09-29
51103,1878,SAVINGS,102.64,CAD,INACTIVE,2026-09-29
51104,1879,SAVINGS,1813.56,CAD,INACTIVE,2026-09-29
51105,1879,CHECKING,2444.06,CAD,INACTIVE,2026-09-29
51106,1880,CHECKING,1902.52,CAD,ACTIVE,2026-09-29
51107,1880,CHECKING,272.98,CAD,ACTIVE,2026-09-29
51108,1881,SAVINGS,8430.81,CAD,INACTIVE,2026-09-29
51109,1882,CHECKING,14034.28,CAD,ACTIVE,2026-09-29
51110,1883,SAVINGS,10570.8,CAD,ACTIVE,2026-09-29
51111,1883,SAVINGS,15003.4,CAD,INACTIVE,2026-09-29
51112,1884,SAVINGS,15928.76,CAD,INACTIVE,2026-09-29
51113,1885,SAVINGS,13447.9,CAD,ACTIVE,2026-09-29
51114,1886,SAVINGS,9242.56,CAD,ACTIVE,2026-09-29
51115,1887,SAVINGS,24596.54,CAD,INACTIVE,2026-09-29
51116,1887,CHECKING,18347.23,CAD,ACTIVE,2026-09-29
51117,1888,SAVINGS,21434.84,CAD,INACTIVE,2026-09-29
51118,1889,CHECKING,23661.87,CAD,INACTIVE,2026-09-29
51119,1889,SAVINGS,14925.57,CAD,ACTIVE,2026-09-29
51120,1890,SAVINGS,4233.68,CAD,ACTIVE,2026-09-29
51121,1891,CHECKING,22711.86,CAD,ACTIVE,2026-09-29
51122,1892,SAVINGS,7548.09,CAD,INACTIVE,2026-09-29
51123,1893,CHECKING,1968.44,CAD,INACTIVE,2026-09-29
51124,1894,SAVINGS,18712.64,CAD,ACTIVE,2026-09-29
51125,1895,SAVINGS,8659.63,CAD,ACTIVE,2026-09-29
51126,1896,CHECKING,11010.82,CAD,ACTIVE,2026-09-29
51127,1896,CHECKING,18596.27,CAD,INACTIVE,2026-09-29
51128,1897,CHECKING,14252.58,CAD,INACTIVE,2026-09-29
51129,1897,CHECKING,20808.19,CAD,ACTIVE,2026-09-29
51130,1898,CHECKING,760.82,CAD,INACTIVE,2026-09-29
51131,1899,CHECKING,24030.51,CAD,ACTIVE,2026-09-29
51132,1900,CHECKING,8969.14,CAD,INACTIVE,2026-09-29
51133,1901,SAVINGS,7071.8,CAD,INACTIVE,2026-09-29
51134,1902,CHECKING,18381.32,CAD,INACTIVE,2026-09-29
51135,1903,SAVINGS,15104.43,CAD,INACTIVE,2026-09-29
51136,1904,CHECKING,21626.58,CAD,INACTIVE,2026-09-29
51137,1905,SAVINGS,16450.83,CAD,INACTIVE,2026-09-29
51138,1906,CHECKING,981.66,CAD,ACTIVE,2026-09-29
51139,1906,SAVINGS,22551.75,CAD,INACTIVE,2026-09-29
51140,1907,CHECKING,1735.33,CAD,INACTIVE,2026-09-29
51141,1907,CHECKING,22855.06,CAD,ACTIVE,2026-09-29
51142,1908,CHECKING,21705.42,CAD,ACTIVE,2026-09-29
51143,1909,SAVINGS,23953.89,CAD,ACTIVE,2026-09-29
51144,1910,CHECKING,5811.69,CAD,INACTIVE,2026-09-29
51145,1911,SAVINGS,1760.27,CAD,ACTIVE,2026-09-29
51146,1911,CHECKING,20084.23,CAD,INACTIVE,2026-09-29
51147,1912,SAVINGS,20205.62,CAD,INACTIVE,2026-09-29
51148,1912,SAVINGS,9061.72,CAD,INACTIVE,2026-09-29
51149,1913,CHECKING,15910.85,CAD,INACTIVE,2026-09-29
51150,1914,SAVINGS,2835.07,CAD,INACTIVE,2026-09-29
51151,1915,SAVINGS,15452.52,CAD,ACTIVE,2026-09-29
51152,1916,SAVINGS,1035.92,CAD,INACTIVE,2026-09-29
51153,1916,CHECKING,23451.15,CAD,ACTIVE,2026-09-29
51154,1917,CHECKING,10550.84,CAD,INACTIVE,2026-09-29
51155,1918,SAVINGS,19991.09,CAD,ACTIVE,2026-09-29
51156,1918,CHECKING,10557.26,CAD,INACTIVE,2026-09-29
51157,1919,CHECKING,11314.27,CAD,ACTIVE,2026-09-29
51158,1920,CHECKING,21120.54,CAD,ACTIVE,2026-09-29
51159,1921,CHECKING,840.52,CAD,INACTIVE,2026-09-29
51160,1922,CHECKING,20443.88,CAD,INACTIVE,2026-09-29
51161,1923,CHECKING,10930.29,CAD,ACTIVE,2026-09-29
51162,1924,CHECKING,18364.04,CAD,INACTIVE,2026-09-29
51163,1925,CHECKING,19753.6,CAD,ACTIVE,2026-09-29
51164,1926,CHECKING,10148.48,CAD,ACTIVE,2026-09-29
51165,1927,CHECKING,13114.97,CAD,INACTIVE,2026-09-29
51166,1927,CHECKING,17585.58,CAD,ACTIVE,2026-09-29
51167,1928,CHECKING,5677.56,CAD,ACTIVE,2026-09-29
51168,1929,CHECKING,23048.27,CAD,ACTIVE,2026-09-29
51169,1930,CHECKING,3823.22,CAD,INACTIVE,2026-09-29
51170,1930,CHECKING,15200.35,CAD,ACTIVE,2026-09-29
51171,1931,SAVINGS,14473.58,CAD,INACTIVE,2026-09-29
51172,1931,CHECKING,17181.25,CAD,INACTIVE,2026-09-29
51173,1932,SAVINGS,6690.84,CAD,INACTIVE,2026-09-29
51174,1933,CHECKING,5027.29,CAD,ACTIVE,2026-09-29
51175,1933,CHECKING,21637.61,CAD,ACTIVE,2026-09-29
51176,1934,CHECKING,20969.68,CAD,INACTIVE,2026-09-29
51177,1935,SAVINGS,17798.03,CAD,INACTIVE,2026-09-29
51178,1936,SAVINGS,7667.2,CAD,INACTIVE,2026-09-29
51179,1936,SAVINGS,5214.79,CAD,INACTIVE,2026-09-29
51180,1937,SAVINGS,7756.15,CAD,INACTIVE,2026-09-29
51181,1938,CHECKING,10154.11,CAD,ACTIVE,2026-09-29
51182,1939,SAVINGS,7409.78,CAD,ACTIVE,2026-09-29
51183,1940,CHECKING,135.14,CAD,ACTIVE,2026-09-29
51184,1941,SAVINGS,18672.78,CAD,ACTIVE,2026-09-29
51185,1942,CHECKING,7209.87,CAD,ACTIVE,2026-09-29
51186,1943,SAVINGS,11512.66,CAD,INACTIVE,2026-09-29
51187,1944,SAVINGS,4541.27,CAD,INACTIVE,2026-09-29
51188,1945,CHECKING,23211.13,CAD,INACTIVE,2026-09-29
51189,1946,SAVINGS,24452.76,CAD,ACTIVE,2026-09-29
51190,1947,CHECKING,23612.12,CAD,INACTIVE,2026-09-29
51191,1948,SAVINGS,16098.41,CAD,ACTIVE,2026-09-29
51192,1949,SAVINGS,19931.38,CAD,INACTIVE,2026-09-29
51193,1949,SAVINGS,16193.69,CAD,INACTIVE,2026-09-29
51194,1950,CHECKING,13206.36,CAD,INACTIVE,2026-09-29
51195,1950,CHECKING,13819.56,CAD,INACTIVE,2026-09-29
51196,1951,CHECKING,24728.52,CAD,ACTIVE,2026-09-29
51197,1952,CHECKING,19584.61,CAD,INACTIVE,2026-09-29
51198,1953,CHECKING,24958.97,CAD,INACTIVE,2026-09-29
51199,1954,SAVINGS,1240.75,CAD,ACTIVE,2026-09-29
51200,1954,SAVINGS,15584.83,CAD,ACTIVE,2026-09-29
51201,1955,CHECKING,4192.37,CAD,ACTIVE,2026-09-29
51202,1956,CHECKING,20778.15,CAD,INACTIVE,2026-09-29
51203,1956,CHECKING,14906.32,CAD,ACTIVE,2026-09-29
51204,1957,CHECKING,7531.03,CAD,ACTIVE,2026-09-29
51205,1957,CHECKING,10623.0,CAD,ACTIVE,2026-09-29
51206,1958,CHECKING,261.46,CAD,INACTIVE,2026-09-29
51207,1958,SAVINGS,21849.65,CAD,ACTIVE,2026-09-29
51208,1959,SAVINGS,4543.63,CAD,ACTIVE,2026-09-29
51209,1960,CHECKING,16121.43,CAD,INACTIVE,2026-09-29
51210,1961,CHECKING,5643.42,CAD,INACTIVE,2026-09-29
51211,1962,CHECKING,22808.76,CAD,ACTIVE,2026-09-29
51212,1963,SAVINGS,2113.76,CAD,INACTIVE,2026-09-29
51213,1964,SAVINGS,1567.82,CAD,INACTIVE,2026-09-29
51214,1965,SAVINGS,22506.44,CAD,INACTIVE,2026-09-29
51215,1966,SAVINGS,4250.24,CAD,ACTIVE,2026-09-29
51216,1967,CHECKING,18971.06,CAD,ACTIVE,2026-09-29
51217,1968,CHECKING,14300.62,CAD,ACTIVE,2026-09-29
51218,1969,SAVINGS,13807.54,CAD,INACTIVE,2026-09-29
51219,1970,CHECKING,6569.55,CAD,ACTIVE,2026-09-29
51220,1971,SAVINGS,19315.98,CAD,INACTIVE,2026-09-29
51221,1972,SAVINGS,19045.18,CAD,ACTIVE,2026-09-29
51222,1973,SAVINGS,3736.87,CAD,INACTIVE,2026-09-29
51223,1974,CHECKING,2269.04,CAD,INACTIVE,2026-09-29
51224,1975,SAVINGS,1627.28,CAD,ACTIVE,2026-09-29
51225,1976,SAVINGS,9203.53,CAD,ACTIVE,2026-09-29
51226,1977,SAVINGS,2316.12,CAD,INACTIVE,2026-09-29
51227,1978,CHECKING,20421.99,CAD,ACTIVE,2026-09-29
51228,1979,SAVINGS,10672.92,CAD,INACTIVE,2026-09-29
51229,1980,SAVINGS,12395.56,CAD,ACTIVE,2026-09-29
51230,1981,SAVINGS,16788.58,CAD,ACTIVE,2026-09-29
51231,1981,CHECKING,19783.15,CAD,ACTIVE,2026-09-29
51232,1982,CHECKING,19426.85,CAD,INACTIVE,2026-09-29
51233,1983,SAVINGS,20291.56,CAD,ACTIVE,2026-09-29
51234,1984,CHECKING,23130.64,CAD,ACTIVE,2026-09-29
51235,1985,CHECKING,499.47,CAD,INACTIVE,2026-09-29
51236,1986,CHECKING,1869.56,CAD,ACTIVE,2026-09-29
51237,1987,CHECKING,4359.6,CAD,ACTIVE,2026-09-29
51238,1988,CHECKING,22215.69,CAD,ACTIVE,2026-09-29
51239,1989,SAVINGS,379.71,CAD,INACTIVE,2026-09-29
51240,1990,CHECKING,21474.89,CAD,INACTIVE,2026-09-29
51241,1990,CHECKING,16795.91,CAD,INACTIVE,2026-09-29
51242,1991,SAVINGS,9366.88,CAD,ACTIVE,2026-09-29
51243,1992,SAVINGS,19415.38,CAD,INACTIVE,2026-09-29
51244,1993,SAVINGS,2830.23,CAD,ACTIVE,2026-09-29
51245,1994,SAVINGS,22026.08,CAD,ACTIVE,2026-09-29
51246,1995,SAVINGS,20078.05,CAD,INACTIVE,2026-09-29
51247,1996,SAVINGS,786.75,CAD,ACTIVE,2026-09-29
51248,1997,CHECKING,9431.31,CAD,ACTIVE,2026-09-29
51249,1998,CHECKING,3308.45,CAD,ACTIVE,2026-09-29
51250,1999,CHECKING,9275.07,CAD,ACTIVE,2026-09-29
51251,2000,SAVINGS,21273.07,CAD,INACTIVE,2026-09-29
