CustomerID,FirstName,LastName,Email,Phone,DateOfBirth,Country,CustomerStatus,CreatedDate
1001,Emily,Patel,emily.patel1001@email.com,5775242605,1968-07-01,Canada,ACTIVE,2026-09-30
1002,John,Smith,john.smith1002@email.com,6156050585,1964-10-07,Canada,ACTIVE,2026-09-30
1003,Emily,Singh,emily.singh1003@email.com,5987076906,1977-05-12,Canada,INACTIVE,2026-09-30
1004,John,Patel,john.patel1004@email.com,5126815149,2000-03-26,Canada,ACTIVE,2026-09-30
1005,Emily,Singh,emily.singh1005@email.com,6167334374,1969-09-22,Canada,ACTIVE,2026-09-30
1006,John,Smith,john.smith1006@email.com,4476547480,2000-11-24,Canada,INACTIVE,2026-09-30
1007,David,Wilson,david.wilson1007@email.com,6099973410,2005-01-05,Canada,ACTIVE,2026-09-30
1008,Emily,Lee,emily.lee1008@email.com,4812712742,1992-02-13,Canada,INACTIVE,2026-09-30
1009,Michael,Taylor,michael.taylor1009@email.com,5326325743,1975-07-19,Canada,INACTIVE,2026-09-30
1010,Priya,Brown,priya.brown1010@email.com,4889098200,2005-03-23,Canada,INACTIVE,2026-09-30
1011,John,Shah,john.shah1011@email.com,5986159573,1978-07-07,Canada,INACTIVE,2026-09-30
1012,John,Smith,john.smith1012@email.com,5003915117,2000-07-28,Canada,INACTIVE,2026-09-30
1013,Daniel,Singh,daniel.singh1013@email.com,6447374925,2004-02-17,Canada,INACTIVE,2026-09-30
1014,David,Brown,david.brown1014@email.com,4990069098,1997-11-12,Canada,ACTIVE,2026-09-30
1015,John,Smith,john.smith1015@email.com,5620977708,1970-01-05,Canada,INACTIVE,2026-09-30
1016,Amit,Patel,amit.patel1016@email.com,4389840897,1991-08-28,Canada,ACTIVE,2026-09-30
1017,Emily,Brown,emily.brown1017@email.com,5216951075,1986-03-24,Canada,INACTIVE,2026-09-30
1018,David,Singh,david.singh1018@email.com,6469858237,1978-09-30,Canada,ACTIVE,2026-09-30
1019,David,Smith,david.smith1019@email.com,6356450899,1993-09-17,Canada,ACTIVE,2026-09-30
1020,David,Shah,david.shah1020@email.com,5368824311,1972-10-18,Canada,ACTIVE,2026-09-30
1021,Emily,Shah,emily.shah1021@email.com,5450525271,1976-11-03,Canada,INACTIVE,2026-09-30
1022,Emily,Patel,emily.patel1022@email.com,5642860096,1993-06-25,Canada,INACTIVE,2026-09-30
1023,Michael,Shah,michael.shah1023@email.com,5745839914,1986-05-28,Canada,INACTIVE,2026-09-30
1024,John,Smith,john.smith1024@email.com,4213006535,1965-12-08,Canada,INACTIVE,2026-09-30
1025,Amit,Lee,amit.lee1025@email.com,5462227422,1990-02-12,Canada,ACTIVE,2026-09-30
1026,David,Singh,david.singh1026@email.com,4547694192,1983-03-10,Canada,INACTIVE,2026-09-30
1027,Emily,Singh,emily.singh1027@email.com,6358986787,1988-06-11,Canada,INACTIVE,2026-09-30
1028,Amit,Patel,amit.patel1028@email.com,6041778334,1966-02-03,Canada,ACTIVE,2026-09-30
1029,Daniel,Smith,daniel.smith1029@email.com,5396838571,2002-08-02,Canada,INACTIVE,2026-09-30
1030,John,Taylor,john.taylor1030@email.com,6158410750,1989-12-15,Canada,INACTIVE,2026-09-30
1031,Amit,Patel,amit.patel1031@email.com,4617218451,2000-12-26,Canada,ACTIVE,2026-09-30
1032,Priya,Patel,priya.patel1032@email.com,6279781552,1975-06-21,Canada,ACTIVE,2026-09-30
1033,David,Wilson,david.wilson1033@email.com,4504437053,1962-07-22,Canada,INACTIVE,2026-09-30
1034,Daniel,Brown,daniel.brown1034@email.com,5953477252,1960-09-29,Canada,INACTIVE,2026-09-30
1035,Daniel,Singh,daniel.singh1035@email.com,4542383340,1988-05-18,Canada,INACTIVE,2026-09-30
1036,Sarah,Patel,sarah.patel1036@email.com,5119387474,2004-12-01,Canada,ACTIVE,2026-09-30
1037,Amit,Lee,amit.lee1037@email.com,5562613336,1998-04-23,Canada,INACTIVE,2026-09-30
1038,Sarah,Wilson,sarah.wilson1038@email.com,5770099041,1984-01-01,Canada,ACTIVE,2026-09-30
1039,Amit,Wilson,amit.wilson1039@email.com,5266641072,1993-07-24,Canada,INACTIVE,2026-09-30
1040,Amit,Lee,amit.lee1040@email.com,4370175623,1997-09-30,Canada,INACTIVE,2026-09-30
1041,Amit,Brown,amit.brown1041@email.com,5349522060,1991-12-21,Canada,INACTIVE,2026-09-30
1042,Amit,Brown,amit.brown1042@email.com,4366664102,1989-07-12,Canada,ACTIVE,2026-09-30
1043,Daniel,Brown,daniel.brown1043@email.com,4552332152,2004-03-29,Canada,INACTIVE,2026-09-30
1044,Emily,Smith,emily.smith1044@email.com,4381892895,1974-12-07,Canada,ACTIVE,2026-09-30
1045,Daniel,Shah,daniel.shah1045@email.com,4312298722,1993-11-26,Canada,ACTIVE,2026-09-30
1046,David,Taylor,david.taylor1046@email.com,5125191853,1993-08-01,Canada,INACTIVE,2026-09-30
1047,Amit,Singh,amit.singh1047@email.com,4606935721,2003-03-06,Canada,INACTIVE,2026-09-30
1048,Sarah,Shah,sarah.shah1048@email.com,5540940495,1998-06-15,Canada,ACTIVE,2026-09-30
1049,Priya,Patel,priya.patel1049@email.com,6443428757,1997-08-01,Canada,ACTIVE,2026-09-30
1050,Sarah,Taylor,sarah.taylor1050@email.com,5815377998,1964-12-22,Canada,ACTIVE,2026-09-30
1051,Michael,Taylor,michael.taylor1051@email.com,5235629418,1981-12-16,Canada,INACTIVE,2026-09-30
1052,Amit,Wilson,amit.wilson1052@email.com,4497078494,1960-08-07,Canada,INACTIVE,2026-09-30
1053,Amit,Lee,amit.lee1053@email.com,4526776796,1977-02-27,Canada,ACTIVE,2026-09-30
1054,Daniel,Lee,daniel.lee1054@email.com,5870366437,1987-11-19,Canada,ACTIVE,2026-09-30
1055,Emily,Brown,emily.brown1055@email.com,4886453686,1995-05-19,Canada,INACTIVE,2026-09-30
1056,Amit,Singh,amit.singh1056@email.com,6336035404,1986-11-16,Canada,INACTIVE,2026-09-30
1057,Emily,Singh,emily.singh1057@email.com,4570605514,1993-08-03,Canada,INACTIVE,2026-09-30
1058,Amit,Patel,amit.patel1058@email.com,4541348604,1997-10-03,Canada,INACTIVE,2026-09-30
1059,Emily,Brown,emily.brown1059@email.com,6213498059,1990-09-21,Canada,ACTIVE,2026-09-30
1060,Emily,Patel,emily.patel1060@email.com,6345348820,1967-04-01,Canada,ACTIVE,2026-09-30
1061,Priya,Wilson,priya.wilson1061@email.com,4805719355,1968-05-16,Canada,INACTIVE,2026-09-30
1062,John,Lee,john.lee1062@email.com,4881247770,1961-06-13,Canada,INACTIVE,2026-09-30
1063,Daniel,Singh,daniel.singh1063@email.com,4212433977,1969-01-08,Canada,ACTIVE,2026-09-30
1064,Michael,Shah,michael.shah1064@email.com,5524621377,2002-08-10,Canada,INACTIVE,2026-09-30
1065,David,Taylor,david.taylor1065@email.com,4371050427,1996-10-19,Canada,ACTIVE,2026-09-30
1066,Michael,Patel,michael.patel1066@email.com,4728857719,1993-01-01,Canada,ACTIVE,2026-09-30
1067,John,Smith,john.smith1067@email.com,5740399577,1967-06-08,Canada,ACTIVE,2026-09-30
1068,David,Shah,david.shah1068@email.com,6093120446,1970-10-15,Canada,INACTIVE,2026-09-30
1069,John,Smith,john.smith1069@email.com,6219195188,1977-06-02,Canada,ACTIVE,2026-09-30
1070,Michael,Smith,michael.smith1070@email.com,4312258042,1967-04-24,Canada,INACTIVE,2026-09-30
1071,Amit,Brown,amit.brown1071@email.com,5805197984,1994-03-15,Canada,ACTIVE,2026-09-30
1072,Amit,Smith,amit.smith1072@email.com,6152845010,1984-01-10,Canada,ACTIVE,2026-09-30
1073,Daniel,Lee,daniel.lee1073@email.com,5897173949,1978-07-31,Canada,INACTIVE,2026-09-30
1074,Amit,Wilson,amit.wilson1074@email.com,5392402044,1992-06-09,Canada,INACTIVE,2026-09-30
1075,John,Brown,john.brown1075@email.com,5374693835,1989-01-09,Canada,ACTIVE,2026-09-30
1076,Sarah,Shah,sarah.shah1076@email.com,5927777561,1981-10-02,Canada,ACTIVE,2026-09-30
1077,Daniel,Wilson,daniel.wilson1077@email.com,6229252270,1964-01-25,Canada,ACTIVE,2026-09-30
1078,Priya,Shah,priya.shah1078@email.com,4398738213,1988-10-11,Canada,ACTIVE,2026-09-30
1079,Daniel,Wilson,daniel.wilson1079@email.com,5827984058,2001-03-03,Canada,INACTIVE,2026-09-30
1080,Michael,Shah,michael.shah1080@email.com,6066090106,1989-11-16,Canada,INACTIVE,2026-09-30
1081,Emily,Smith,emily.smith1081@email.com,5066675987,1962-01-04,Canada,ACTIVE,2026-09-30
1082,Michael,Patel,michael.patel1082@email.com,6023914814,1975-01-31,Canada,INACTIVE,2026-09-30
1083,Daniel,Brown,daniel.brown1083@email.com,4476651205,1962-09-18,Canada,INACTIVE,2026-09-30
1084,Priya,Wilson,priya.wilson1084@email.com,5892723629,1979-08-04,Canada,INACTIVE,2026-09-30
1085,Daniel,Patel,daniel.patel1085@email.com,4671605694,1986-05-25,Canada,ACTIVE,2026-09-30
1086,Priya,Shah,priya.shah1086@email.com,6299702267,1985-04-17,Canada,ACTIVE,2026-09-30
1087,Michael,Wilson,michael.wilson1087@email.com,6479734508,1972-11-03,Canada,ACTIVE,2026-09-30
1088,John,Shah,john.shah1088@email.com,5730110100,1979-11-19,Canada,ACTIVE,2026-09-30
1089,John,Lee,john.lee1089@email.com,5414266350,1979-08-12,Canada,INACTIVE,2026-09-30
1090,Priya,Smith,priya.smith1090@email.com,5680720019,1996-02-10,Canada,ACTIVE,2026-09-30
1091,Michael,Wilson,michael.wilson1091@email.com,5649857225,2004-05-24,Canada,ACTIVE,2026-09-30
1092,Sarah,Singh,sarah.singh1092@email.com,5673276734,1981-04-12,Canada,ACTIVE,2026-09-30
1093,Daniel,Singh,daniel.singh1093@email.com,5359606810,1982-01-25,Canada,ACTIVE,2026-09-30
1094,Emily,Smith,emily.smith1094@email.com,4398201409,1966-08-22,Canada,ACTIVE,2026-09-30
1095,Sarah,Shah,sarah.shah1095@email.com,5123108238,1971-10-15,Canada,INACTIVE,2026-09-30
1096,David,Singh,david.singh1096@email.com,5677316324,1962-10-26,Canada,INACTIVE,2026-09-30
1097,Priya,Shah,priya.shah1097@email.com,5448149545,1974-03-31,Canada,INACTIVE,2026-09-30
1098,Emily,Singh,emily.singh1098@email.com,6424096049,1985-08-16,Canada,INACTIVE,2026-09-30
1099,Priya,Smith,priya.smith1099@email.com,5764788297,1974-09-12,Canada,ACTIVE,2026-09-30
1100,Michael,Taylor,michael.taylor1100@email.com,4261625812,1981-04-11,Canada,INACTIVE,2026-09-30
1101,Michael,Shah,michael.shah1101@email.com,4699410413,1979-10-18,Canada,ACTIVE,2026-09-30
1102,Emily,Brown,emily.brown1102@email.com,4253563386,1972-11-02,Canada,INACTIVE,2026-09-30
1103,Daniel,Shah,daniel.shah1103@email.com,5579727502,1965-02-20,Canada,INACTIVE,2026-09-30
1104,Michael,Smith,michael.smith1104@email.com,4349567550,1990-03-18,Canada,INACTIVE,2026-09-30
1105,Emily,Patel,emily.patel1105@email.com,5998901383,1985-10-31,Canada,INACTIVE,2026-09-30
1106,Daniel,Shah,daniel.shah1106@email.com,5726298145,1976-01-21,Canada,INACTIVE,2026-09-30
1107,Priya,Smith,priya.smith1107@email.com,4615309065,1970-02-18,Canada,ACTIVE,2026-09-30
1108,Priya,Patel,priya.patel1108@email.com,4226411843,1997-07-21,Canada,INACTIVE,2026-09-30
1109,Emily,Patel,emily.patel1109@email.com,4530545933,1973-09-05,Canada,ACTIVE,2026-09-30
1110,David,Brown,david.brown1110@email.com,5040412823,2005-06-13,Canada,ACTIVE,2026-09-30
1111,Amit,Wilson,amit.wilson1111@email.com,5672438935,1990-07-21,Canada,INACTIVE,2026-09-30
1112,Sarah,Shah,sarah.shah1112@email.com,5163512876,1999-11-24,Canada,ACTIVE,2026-09-30
1113,Amit,Taylor,amit.taylor1113@email.com,4647113387,1998-03-24,Canada,INACTIVE,2026-09-30
1114,Michael,Singh,michael.singh1114@email.com,4545423835,1979-03-08,Canada,ACTIVE,2026-09-30
1115,Sarah,Taylor,sarah.taylor1115@email.com,4788210304,1979-02-16,Canada,ACTIVE,2026-09-30
1116,Amit,Brown,amit.brown1116@email.com,6395524713,1986-08-10,Canada,INACTIVE,2026-09-30
1117,Amit,Patel,amit.patel1117@email.com,5261092617,2005-05-01,Canada,ACTIVE,2026-09-30
1118,John,Singh,john.singh1118@email.com,5869048478,1973-03-13,Canada,ACTIVE,2026-09-30
1119,Sarah,Singh,sarah.singh1119@email.com,6273821090,1973-08-05,Canada,INACTIVE,2026-09-30
1120,Emily,Shah,emily.shah1120@email.com,5188964147,1968-07-22,Canada,INACTIVE,2026-09-30
1121,Sarah,Wilson,sarah.wilson1121@email.com,4918820943,1986-10-22,Canada,ACTIVE,2026-09-30
1122,Emily,Shah,emily.shah1122@email.com,4263917350,1994-09-22,Canada,INACTIVE,2026-09-30
1123,Amit,Brown,amit.brown1123@email.com,5862888563,1983-01-10,Canada,INACTIVE,2026-09-30
1124,David,Brown,david.brown1124@email.com,6015104484,1976-02-17,Canada,INACTIVE,2026-09-30
1125,Emily,Singh,emily.singh1125@email.com,4889090682,1977-05-06,Canada,INACTIVE,2026-09-30
1126,Michael,Brown,michael.brown1126@email.com,4677803444,1997-03-08,Canada,INACTIVE,2026-09-30
1127,John,Shah,john.shah1127@email.com,4551050614,1976-05-06,Canada,INACTIVE,2026-09-30
1128,Daniel,Taylor,daniel.taylor1128@email.com,6178482165,2004-09-09,Canada,INACTIVE,2026-09-30
1129,Daniel,Shah,daniel.shah1129@email.com,4464835896,1986-06-08,Canada,INACTIVE,2026-09-30
1130,John,Brown,john.brown1130@email.com,4552288112,1999-06-08,Canada,ACTIVE,2026-09-30
1131,Sarah,Singh,sarah.singh1131@email.com,5959342168,1986-01-28,Canada,ACTIVE,2026-09-30
1132,Daniel,Shah,daniel.shah1132@email.com,5456258532,1990-06-10,Canada,ACTIVE,2026-09-30
1133,Sarah,Taylor,sarah.taylor1133@email.com,4673167021,1983-10-02,Canada,ACTIVE,2026-09-30
1134,Emily,Brown,emily.brown1134@email.com,5944756881,1986-05-20,Canada,INACTIVE,2026-09-30
1135,David,Singh,david.singh1135@email.com,6220780260,1962-07-30,Canada,ACTIVE,2026-09-30
1136,Amit,Singh,amit.singh1136@email.com,5951616945,1966-03-28,Canada,INACTIVE,2026-09-30
1137,Priya,Patel,priya.patel1137@email.com,6256293367,1998-12-16,Canada,ACTIVE,2026-09-30
1138,Emily,Patel,emily.patel1138@email.com,6428871576,2005-03-15,Canada,ACTIVE,2026-09-30
1139,John,Lee,john.lee1139@email.com,5167851148,1992-01-15,Canada,INACTIVE,2026-09-30
1140,Amit,Taylor,amit.taylor1140@email.com,5942226593,1972-09-19,Canada,INACTIVE,2026-09-30
1141,Daniel,Taylor,daniel.taylor1141@email.com,4747019091,1986-12-05,Canada,ACTIVE,2026-09-30
1142,Daniel,Shah,daniel.shah1142@email.com,5312478869,2005-05-05,Canada,ACTIVE,2026-09-30
1143,Amit,Patel,amit.patel1143@email.com,5818233576,1989-07-11,Canada,INACTIVE,2026-09-30
1144,Amit,Brown,amit.brown1144@email.com,5419556690,2000-05-03,Canada,INACTIVE,2026-09-30
1145,Daniel,Singh,daniel.singh1145@email.com,5261864554,1997-10-28,Canada,ACTIVE,2026-09-30
1146,John,Lee,john.lee1146@email.com,4419221972,1984-03-02,Canada,INACTIVE,2026-09-30
1147,Daniel,Wilson,daniel.wilson1147@email.com,5252345009,1993-05-22,Canada,INACTIVE,2026-09-30
1148,Priya,Singh,priya.singh1148@email.com,4483720929,2004-10-12,Canada,ACTIVE,2026-09-30
1149,Priya,Singh,priya.singh1149@email.com,4860520802,1964-03-17,Canada,INACTIVE,2026-09-30
1150,Daniel,Smith,daniel.smith1150@email.com,5269635768,1990-07-31,Canada,INACTIVE,2026-09-30
1151,Michael,Lee,michael.lee1151@email.com,5525724872,2003-03-20,Canada,ACTIVE,2026-09-30
1152,Amit,Singh,amit.singh1152@email.com,5662483145,1972-02-24,Canada,ACTIVE,2026-09-30
1153,Priya,Wilson,priya.wilson1153@email.com,6091161299,2003-09-10,Canada,INACTIVE,2026-09-30
1154,Daniel,Singh,daniel.singh1154@email.com,5285348344,1964-05-26,Canada,ACTIVE,2026-09-30
1155,Emily,Lee,emily.lee1155@email.com,4581200498,1969-08-17,Canada,ACTIVE,2026-09-30
1156,John,Wilson,john.wilson1156@email.com,5909843621,2004-09-19,Canada,ACTIVE,2026-09-30
1157,Amit,Patel,amit.patel1157@email.com,5482517173,1979-06-14,Canada,ACTIVE,2026-09-30
1158,Sarah,Brown,sarah.brown1158@email.com,5666179326,1981-01-19,Canada,ACTIVE,2026-09-30
1159,Daniel,Patel,daniel.patel1159@email.com,4546832395,1978-01-30,Canada,INACTIVE,2026-09-30
1160,Michael,Smith,michael.smith1160@email.com,5228253841,1962-12-01,Canada,INACTIVE,2026-09-30
1161,Michael,Patel,michael.patel1161@email.com,4448376606,1981-12-31,Canada,INACTIVE,2026-09-30
1162,John,Brown,john.brown1162@email.com,5668867388,1993-11-10,Canada,INACTIVE,2026-09-30
1163,David,Lee,david.lee1163@email.com,4589550867,1967-09-23,Canada,ACTIVE,2026-09-30
1164,Priya,Smith,priya.smith1164@email.com,6228491900,1995-04-20,Canada,ACTIVE,2026-09-30
1165,Priya,Lee,priya.lee1165@email.com,4615765788,1994-06-23,Canada,ACTIVE,2026-09-30
1166,John,Smith,john.smith1166@email.com,5249710866,1994-02-27,Canada,ACTIVE,2026-09-30
1167,John,Singh,john.singh1167@email.com,5845082578,1973-11-14,Canada,ACTIVE,2026-09-30
1168,Daniel,Smith,daniel.smith1168@email.com,5953737369,2005-09-16,Canada,ACTIVE,2026-09-30
1169,Michael,Wilson,michael.wilson1169@email.com,4625787283,1999-02-23,Canada,ACTIVE,2026-09-30
1170,Daniel,Wilson,daniel.wilson1170@email.com,5278256554,1986-11-17,Canada,ACTIVE,2026-09-30
1171,David,Brown,david.brown1171@email.com,5362677590,2000-07-29,Canada,ACTIVE,2026-09-30
1172,John,Singh,john.singh1172@email.com,4907832383,1983-04-29,Canada,ACTIVE,2026-09-30
1173,John,Shah,john.shah1173@email.com,4746574445,1961-05-11,Canada,ACTIVE,2026-09-30
1174,Emily,Brown,emily.brown1174@email.com,4758155263,2003-05-27,Canada,ACTIVE,2026-09-30
1175,Sarah,Wilson,sarah.wilson1175@email.com,6108724449,2001-01-21,Canada,ACTIVE,2026-09-30
1176,John,Wilson,john.wilson1176@email.com,6073223628,2000-07-29,Canada,ACTIVE,2026-09-30
1177,Michael,Wilson,michael.wilson1177@email.com,4517316935,1996-01-03,Canada,ACTIVE,2026-09-30
1178,David,Singh,david.singh1178@email.com,4871043340,1974-11-19,Canada,INACTIVE,2026-09-30
1179,Amit,Patel,amit.patel1179@email.com,5452244099,1964-03-31,Canada,INACTIVE,2026-09-30
1180,David,Wilson,david.wilson1180@email.com,6293606065,1977-06-10,Canada,INACTIVE,2026-09-30
1181,John,Shah,john.shah1181@email.com,5809646759,1973-04-03,Canada,ACTIVE,2026-09-30
1182,Amit,Singh,amit.singh1182@email.com,5275475995,2001-05-24,Canada,ACTIVE,2026-09-30
1183,Priya,Smith,priya.smith1183@email.com,4615705517,1965-03-27,Canada,INACTIVE,2026-09-30
1184,Amit,Singh,amit.singh1184@email.com,5862185415,1993-05-07,Canada,INACTIVE,2026-09-30
1185,Emily,Smith,emily.smith1185@email.com,6290387318,2001-09-25,Canada,ACTIVE,2026-09-30
1186,Amit,Smith,amit.smith1186@email.com,6396580845,1984-01-20,Canada,ACTIVE,2026-09-30
1187,Amit,Shah,amit.shah1187@email.com,5431120427,1978-05-21,Canada,ACTIVE,2026-09-30
1188,John,Patel,john.patel1188@email.com,5568573375,1965-08-24,Canada,ACTIVE,2026-09-30
1189,Daniel,Lee,daniel.lee1189@email.com,4232533555,1961-05-23,Canada,ACTIVE,2026-09-30
1190,David,Patel,david.patel1190@email.com,4501902860,2004-06-15,Canada,INACTIVE,2026-09-30
1191,Emily,Brown,emily.brown1191@email.com,4917110777,1967-01-23,Canada,ACTIVE,2026-09-30
1192,Michael,Lee,michael.lee1192@email.com,4803001768,1986-06-07,Canada,INACTIVE,2026-09-30
1193,Emily,Shah,emily.shah1193@email.com,5877865315,1961-12-01,Canada,ACTIVE,2026-09-30
1194,Michael,Taylor,michael.taylor1194@email.com,5998754881,1979-10-30,Canada,ACTIVE,2026-09-30
1195,Daniel,Lee,daniel.lee1195@email.com,5682134229,1960-06-13,Canada,ACTIVE,2026-09-30
1196,John,Taylor,john.taylor1196@email.com,6356369203,1986-09-14,Canada,INACTIVE,2026-09-30
1197,Sarah,Smith,sarah.smith1197@email.com,5342120454,1973-05-05,Canada,INACTIVE,2026-09-30
1198,Priya,Wilson,priya.wilson1198@email.com,4921304152,1963-01-13,Canada,ACTIVE,2026-09-30
1199,Emily,Brown,emily.brown1199@email.com,6032957903,1965-04-21,Canada,ACTIVE,2026-09-30
1200,Michael,Shah,michael.shah1200@email.com,4495552505,1979-06-10,Canada,INACTIVE,2026-09-30
1201,John,Taylor,john.taylor1201@email.com,4199194158,1960-10-08,Canada,ACTIVE,2026-09-30
1202,Emily,Shah,emily.shah1202@email.com,5790630957,1986-01-22,Canada,ACTIVE,2026-09-30
1203,Priya,Patel,priya.patel1203@email.com,6354927067,1976-06-12,Canada,ACTIVE,2026-09-30
1204,Daniel,Singh,daniel.singh1204@email.com,5893802465,1968-02-04,Canada,ACTIVE,2026-09-30
1205,Amit,Taylor,amit.taylor1205@email.com,5250224177,1996-06-03,Canada,ACTIVE,2026-09-30
1206,Amit,Brown,amit.brown1206@email.com,4779182712,1965-11-02,Canada,INACTIVE,2026-09-30
1207,Amit,Shah,amit.shah1207@email.com,4622812955,1960-08-13,Canada,INACTIVE,2026-09-30
1208,Emily,Lee,emily.lee1208@email.com,6208763216,1970-09-03,Canada,ACTIVE,2026-09-30
1209,Priya,Lee,priya.lee1209@email.com,6290749791,1971-06-22,Canada,ACTIVE,2026-09-30
1210,Amit,Wilson,amit.wilson1210@email.com,5744179001,2002-10-26,Canada,INACTIVE,2026-09-30
1211,Amit,Taylor,amit.taylor1211@email.com,5044385820,1997-10-02,Canada,INACTIVE,2026-09-30
1212,Emily,Shah,emily.shah1212@email.com,5016170856,1991-06-18,Canada,ACTIVE,2026-09-30
1213,John,Patel,john.patel1213@email.com,5674686666,1973-01-19,Canada,INACTIVE,2026-09-30
1214,Sarah,Shah,sarah.shah1214@email.com,6086908825,1965-08-22,Canada,INACTIVE,2026-09-30
1215,Sarah,Wilson,sarah.wilson1215@email.com,6477484997,1999-01-18,Canada,INACTIVE,2026-09-30
1216,John,Taylor,john.taylor1216@email.com,4461975233,1972-10-07,Canada,ACTIVE,2026-09-30
1217,Michael,Shah,michael.shah1217@email.com,6093813823,1968-12-13,Canada,ACTIVE,2026-09-30
1218,Sarah,Patel,sarah.patel1218@email.com,5067724903,1961-08-25,Canada,INACTIVE,2026-09-30
1219,Michael,Wilson,michael.wilson1219@email.com,5749758776,2003-08-04,Canada,ACTIVE,2026-09-30
1220,Amit,Smith,amit.smith1220@email.com,5867298591,1971-07-03,Canada,INACTIVE,2026-09-30
1221,Priya,Wilson,priya.wilson1221@email.com,4549603218,1992-04-21,Canada,INACTIVE,2026-09-30
1222,Priya,Lee,priya.lee1222@email.com,5267876412,1984-12-05,Canada,INACTIVE,2026-09-30
1223,David,Brown,david.brown1223@email.com,5237693220,1965-06-12,Canada,ACTIVE,2026-09-30
1224,Emily,Patel,emily.patel1224@email.com,6053230376,1998-07-03,Canada,INACTIVE,2026-09-30
1225,Amit,Lee,amit.lee1225@email.com,6238105204,1984-08-20,Canada,INACTIVE,2026-09-30
1226,Emily,Singh,emily.singh1226@email.com,4938409212,1990-08-11,Canada,INACTIVE,2026-09-30
1227,John,Singh,john.singh1227@email.com,5993619055,1972-06-06,Canada,INACTIVE,2026-09-30
1228,David,Lee,david.lee1228@email.com,5086010769,1998-10-12,Canada,INACTIVE,2026-09-30
1229,David,Wilson,david.wilson1229@email.com,5597763098,1986-09-12,Canada,ACTIVE,2026-09-30
1230,David,Lee,david.lee1230@email.com,5602227540,2003-09-20,Canada,INACTIVE,2026-09-30
1231,Michael,Lee,michael.lee1231@email.com,4728330963,1976-12-20,Canada,ACTIVE,2026-09-30
1232,John,Shah,john.shah1232@email.com,4959643443,2000-09-17,Canada,ACTIVE,2026-09-30
1233,John,Brown,john.brown1233@email.com,5497803401,1969-04-13,Canada,INACTIVE,2026-09-30
1234,Emily,Shah,emily.shah1234@email.com,5675028468,1997-11-28,Canada,ACTIVE,2026-09-30
1235,Michael,Patel,michael.patel1235@email.com,5756280483,1962-12-20,Canada,ACTIVE,2026-09-30
1236,John,Lee,john.lee1236@email.com,4221657559,1964-08-12,Canada,INACTIVE,2026-09-30
1237,Amit,Brown,amit.brown1237@email.com,4319028736,1993-12-19,Canada,INACTIVE,2026-09-30
1238,Sarah,Lee,sarah.lee1238@email.com,5961293290,1962-06-17,Canada,ACTIVE,2026-09-30
1239,Michael,Smith,michael.smith1239@email.com,4538810813,1974-12-26,Canada,ACTIVE,2026-09-30
1240,John,Lee,john.lee1240@email.com,5042874439,1976-06-03,Canada,ACTIVE,2026-09-30
1241,John,Taylor,john.taylor1241@email.com,6171454397,1997-10-19,Canada,ACTIVE,2026-09-30
1242,David,Wilson,david.wilson1242@email.com,6112620943,1983-03-20,Canada,INACTIVE,2026-09-30
1243,Michael,Shah,michael.shah1243@email.com,5724125886,1973-06-02,Canada,INACTIVE,2026-09-30
1244,Daniel,Lee,daniel.lee1244@email.com,4661767205,1998-09-18,Canada,INACTIVE,2026-09-30
1245,Daniel,Patel,daniel.patel1245@email.com,6133184576,1977-04-01,Canada,INACTIVE,2026-09-30
1246,John,Singh,john.singh1246@email.com,5448402078,2005-07-23,Canada,INACTIVE,2026-09-30
1247,Daniel,Wilson,daniel.wilson1247@email.com,5850206459,1976-09-14,Canada,INACTIVE,2026-09-30
1248,Daniel,Patel,daniel.patel1248@email.com,4484312347,1975-11-17,Canada,ACTIVE,2026-09-30
1249,Priya,Smith,priya.smith1249@email.com,4876567099,1995-06-16,Canada,ACTIVE,2026-09-30
1250,Sarah,Patel,sarah.patel1250@email.com,6316293741,1989-03-10,Canada,INACTIVE,2026-09-30
1251,Emily,Taylor,emily.taylor1251@email.com,6162199520,1961-04-02,Canada,INACTIVE,2026-09-30
1252,Emily,Wilson,emily.wilson1252@email.com,5783337406,1998-01-21,Canada,ACTIVE,2026-09-30
1253,Priya,Shah,priya.shah1253@email.com,6324539272,1962-05-24,Canada,ACTIVE,2026-09-30
1254,Daniel,Brown,daniel.brown1254@email.com,5753784406,1994-12-09,Canada,INACTIVE,2026-09-30
1255,Priya,Smith,priya.smith1255@email.com,6173496467,1990-09-04,Canada,INACTIVE,2026-09-30
1256,Priya,Lee,priya.lee1256@email.com,4235190203,1997-11-29,Canada,ACTIVE,2026-09-30
1257,Sarah,Shah,sarah.shah1257@email.com,4953799827,1994-11-07,Canada,ACTIVE,2026-09-30
1258,Emily,Singh,emily.singh1258@email.com,5770604382,1966-11-26,Canada,ACTIVE,2026-09-30
1259,Emily,Taylor,emily.taylor1259@email.com,4570927789,1985-07-23,Canada,INACTIVE,2026-09-30
1260,Sarah,Smith,sarah.smith1260@email.com,5014753709,1972-03-09,Canada,ACTIVE,2026-09-30
1261,John,Taylor,john.taylor1261@email.com,4679191409,1965-07-25,Canada,INACTIVE,2026-09-30
1262,John,Lee,john.lee1262@email.com,4955644585,1987-03-13,Canada,ACTIVE,2026-09-30
1263,Michael,Shah,michael.shah1263@email.com,5774620000,1985-10-29,Canada,ACTIVE,2026-09-30
1264,Michael,Taylor,michael.taylor1264@email.com,5471471388,1970-12-08,Canada,ACTIVE,2026-09-30
1265,Amit,Smith,amit.smith1265@email.com,5741877983,1980-01-11,Canada,ACTIVE,2026-09-30
1266,Amit,Lee,amit.lee1266@email.com,6078340775,1973-05-02,Canada,INACTIVE,2026-09-30
1267,Priya,Shah,priya.shah1267@email.com,5464316032,1982-10-27,Canada,ACTIVE,2026-09-30
1268,John,Singh,john.singh1268@email.com,4173234262,1965-03-18,Canada,ACTIVE,2026-09-30
1269,Priya,Shah,priya.shah1269@email.com,5056335076,1990-05-04,Canada,ACTIVE,2026-09-30
1270,Sarah,Smith,sarah.smith1270@email.com,5324749683,1969-12-12,Canada,INACTIVE,2026-09-30
1271,David,Singh,david.singh1271@email.com,5773531239,1997-12-24,Canada,INACTIVE,2026-09-30
1272,John,Smith,john.smith1272@email.com,6452311430,1975-11-29,Canada,INACTIVE,2026-09-30
1273,Priya,Patel,priya.patel1273@email.com,5993078639,1963-12-14,Canada,ACTIVE,2026-09-30
1274,Amit,Wilson,amit.wilson1274@email.com,5959970146,1972-03-03,Canada,ACTIVE,2026-09-30
1275,Amit,Lee,amit.lee1275@email.com,6189935628,1999-03-19,Canada,INACTIVE,2026-09-30
1276,John,Lee,john.lee1276@email.com,4235911387,1977-12-08,Canada,ACTIVE,2026-09-30
1277,Michael,Smith,michael.smith1277@email.com,4893854127,1978-09-08,Canada,ACTIVE,2026-09-30
1278,Daniel,Wilson,daniel.wilson1278@email.com,4548940453,1990-12-31,Canada,ACTIVE,2026-09-30
1279,Priya,Singh,priya.singh1279@email.com,4789186535,1991-09-09,Canada,INACTIVE,2026-09-30
1280,Amit,Taylor,amit.taylor1280@email.com,6129403584,2003-10-28,Canada,ACTIVE,2026-09-30
1281,Amit,Taylor,amit.taylor1281@email.com,5738588668,1993-08-31,Canada,ACTIVE,2026-09-30
1282,John,Lee,john.lee1282@email.com,4579687057,1997-04-12,Canada,ACTIVE,2026-09-30
1283,John,Taylor,john.taylor1283@email.com,5869785588,1962-08-15,Canada,ACTIVE,2026-09-30
1284,Amit,Taylor,amit.taylor1284@email.com,4907982389,1965-01-26,Canada,ACTIVE,2026-09-30
1285,Daniel,Taylor,daniel.taylor1285@email.com,5705383158,1960-01-30,Canada,ACTIVE,2026-09-30
1286,Daniel,Singh,daniel.singh1286@email.com,5439219215,1975-04-13,Canada,ACTIVE,2026-09-30
1287,Priya,Singh,priya.singh1287@email.com,4572835360,1972-12-30,Canada,ACTIVE,2026-09-30
1288,David,Taylor,david.taylor1288@email.com,5094347351,2001-04-29,Canada,INACTIVE,2026-09-30
1289,Michael,Shah,michael.shah1289@email.com,5944645634,1970-05-10,Canada,INACTIVE,2026-09-30
1290,Amit,Smith,amit.smith1290@email.com,6425405637,2001-03-13,Canada,INACTIVE,2026-09-30
1291,Sarah,Lee,sarah.lee1291@email.com,6238706156,1980-08-30,Canada,ACTIVE,2026-09-30
1292,Michael,Lee,michael.lee1292@email.com,5224691544,1974-06-06,Canada,ACTIVE,2026-09-30
1293,Amit,Patel,amit.patel1293@email.com,5436837428,1972-08-20,Canada,ACTIVE,2026-09-30
1294,Michael,Patel,michael.patel1294@email.com,5636391425,1983-03-11,Canada,INACTIVE,2026-09-30
1295,Michael,Shah,michael.shah1295@email.com,4216919558,1967-03-03,Canada,INACTIVE,2026-09-30
1296,Daniel,Shah,daniel.shah1296@email.com,4904759229,1968-09-25,Canada,INACTIVE,2026-09-30
1297,Michael,Patel,michael.patel1297@email.com,5881641691,1984-05-19,Canada,ACTIVE,2026-09-30
1298,Daniel,Singh,daniel.singh1298@email.com,5368509268,1982-03-29,Canada,INACTIVE,2026-09-30
1299,Priya,Taylor,priya.taylor1299@email.com,4718724050,2005-11-13,Canada,INACTIVE,2026-09-30
1300,John,Shah,john.shah1300@email.com,4198985690,1994-04-11,Canada,INACTIVE,2026-09-30
1301,Amit,Singh,amit.singh1301@email.com,4727772039,1996-01-09,Canada,INACTIVE,2026-09-30
1302,Emily,Wilson,emily.wilson1302@email.com,5134351996,1966-02-28,Canada,INACTIVE,2026-09-30
1303,Amit,Lee,amit.lee1303@email.com,4445704156,1985-01-18,Canada,ACTIVE,2026-09-30
1304,Amit,Wilson,amit.wilson1304@email.com,6180169051,2004-07-11,Canada,ACTIVE,2026-09-30
1305,Emily,Brown,emily.brown1305@email.com,5189713278,1987-04-18,Canada,ACTIVE,2026-09-30
1306,John,Patel,john.patel1306@email.com,4654265553,1972-02-15,Canada,INACTIVE,2026-09-30
1307,Michael,Singh,michael.singh1307@email.com,4642920593,1977-05-07,Canada,INACTIVE,2026-09-30
1308,Sarah,Singh,sarah.singh1308@email.com,5559312556,1992-05-13,Canada,INACTIVE,2026-09-30
1309,Michael,Taylor,michael.taylor1309@email.com,5238833055,2001-10-14,Canada,ACTIVE,2026-09-30
1310,Priya,Singh,priya.singh1310@email.com,6155078942,1973-01-23,Canada,INACTIVE,2026-09-30
1311,Daniel,Lee,daniel.lee1311@email.com,4556748058,1997-09-15,Canada,ACTIVE,2026-09-30
1312,David,Brown,david.brown1312@email.com,5798614749,1970-02-13,Canada,INACTIVE,2026-09-30
1313,John,Wilson,john.wilson1313@email.com,4572132574,1967-12-06,Canada,INACTIVE,2026-09-30
1314,David,Shah,david.shah1314@email.com,4410790307,1980-10-17,Canada,ACTIVE,2026-09-30
1315,Daniel,Taylor,daniel.taylor1315@email.com,4753890637,1965-01-30,Canada,ACTIVE,2026-09-30
1316,Priya,Shah,priya.shah1316@email.com,5099820805,2001-09-24,Canada,ACTIVE,2026-09-30
1317,Daniel,Smith,daniel.smith1317@email.com,4842042573,1995-02-05,Canada,INACTIVE,2026-09-30
1318,David,Brown,david.brown1318@email.com,6401989070,1969-06-30,Canada,INACTIVE,2026-09-30
1319,Michael,Taylor,michael.taylor1319@email.com,5037753678,1969-12-08,Canada,INACTIVE,2026-09-30
1320,Sarah,Lee,sarah.lee1320@email.com,5920271255,2004-06-11,Canada,INACTIVE,2026-09-30
1321,Daniel,Patel,daniel.patel1321@email.com,5185121660,2005-10-22,Canada,ACTIVE,2026-09-30
1322,Daniel,Patel,daniel.patel1322@email.com,5134464834,1987-07-30,Canada,ACTIVE,2026-09-30
1323,Priya,Smith,priya.smith1323@email.com,4656560221,1996-02-29,Canada,INACTIVE,2026-09-30
1324,Priya,Smith,priya.smith1324@email.com,5990569322,2002-01-18,Canada,INACTIVE,2026-09-30
1325,Amit,Lee,amit.lee1325@email.com,4709739578,1972-08-17,Canada,INACTIVE,2026-09-30
1326,Priya,Singh,priya.singh1326@email.com,4916953727,2002-08-10,Canada,INACTIVE,2026-09-30
1327,Sarah,Patel,sarah.patel1327@email.com,5239225843,1999-02-03,Canada,ACTIVE,2026-09-30
1328,Sarah,Singh,sarah.singh1328@email.com,5838302990,1972-05-18,Canada,ACTIVE,2026-09-30
1329,Sarah,Singh,sarah.singh1329@email.com,4179470304,2005-02-15,Canada,INACTIVE,2026-09-30
1330,John,Brown,john.brown1330@email.com,5158583730,1975-03-13,Canada,ACTIVE,2026-09-30
1331,Emily,Lee,emily.lee1331@email.com,5923914522,1960-06-21,Canada,INACTIVE,2026-09-30
1332,David,Patel,david.patel1332@email.com,6314609094,1987-02-03,Canada,INACTIVE,2026-09-30
1333,Amit,Smith,amit.smith1333@email.com,5455071379,1984-07-05,Canada,INACTIVE,2026-09-30
1334,Priya,Patel,priya.patel1334@email.com,6178605078,1979-01-06,Canada,INACTIVE,2026-09-30
1335,Michael,Taylor,michael.taylor1335@email.com,4975036561,1994-09-21,Canada,INACTIVE,2026-09-30
1336,David,Shah,david.shah1336@email.com,5935972109,1971-10-25,Canada,INACTIVE,2026-09-30
1337,Emily,Shah,emily.shah1337@email.com,5937618307,1964-07-14,Canada,INACTIVE,2026-09-30
1338,Daniel,Brown,daniel.brown1338@email.com,4397026633,1996-04-01,Canada,ACTIVE,2026-09-30
1339,John,Shah,john.shah1339@email.com,4615630506,1962-02-13,Canada,INACTIVE,2026-09-30
1340,Amit,Taylor,amit.taylor1340@email.com,4612033872,1991-04-26,Canada,ACTIVE,2026-09-30
1341,Emily,Shah,emily.shah1341@email.com,5740608201,1965-04-12,Canada,ACTIVE,2026-09-30
1342,Priya,Smith,priya.smith1342@email.com,5848132398,1998-07-17,Canada,INACTIVE,2026-09-30
1343,Amit,Lee,amit.lee1343@email.com,6036582643,1969-10-24,Canada,ACTIVE,2026-09-30
1344,Amit,Taylor,amit.taylor1344@email.com,6350591140,1985-06-28,Canada,ACTIVE,2026-09-30
1345,Michael,Patel,michael.patel1345@email.com,4846692560,1979-05-08,Canada,INACTIVE,2026-09-30
1346,Emily,Lee,emily.lee1346@email.com,5046041273,1985-09-11,Canada,ACTIVE,2026-09-30
1347,Priya,Brown,priya.brown1347@email.com,4566642095,2002-04-18,Canada,INACTIVE,2026-09-30
1348,Emily,Shah,emily.shah1348@email.com,5676292662,1999-12-24,Canada,ACTIVE,2026-09-30
1349,John,Smith,john.smith1349@email.com,5006075428,1974-05-17,Canada,INACTIVE,2026-09-30
1350,Sarah,Brown,sarah.brown1350@email.com,5784866626,1963-04-25,Canada,ACTIVE,2026-09-30
1351,John,Wilson,john.wilson1351@email.com,4226201427,1975-02-01,Canada,INACTIVE,2026-09-30
1352,Priya,Brown,priya.brown1352@email.com,6202463884,2005-06-23,Canada,INACTIVE,2026-09-30
1353,David,Singh,david.singh1353@email.com,5786248276,2002-09-19,Canada,INACTIVE,2026-09-30
1354,Daniel,Smith,daniel.smith1354@email.com,5425156554,1980-04-06,Canada,ACTIVE,2026-09-30
1355,Emily,Singh,emily.singh1355@email.com,6329976952,1985-06-20,Canada,ACTIVE,2026-09-30
1356,John,Smith,john.smith1356@email.com,6153431135,1996-12-30,Canada,INACTIVE,2026-09-30
1357,Daniel,Patel,daniel.patel1357@email.com,4434618729,1989-09-16,Canada,ACTIVE,2026-09-30
1358,John,Wilson,john.wilson1358@email.com,5075222950,1999-12-14,Canada,INACTIVE,2026-09-30
1359,John,Taylor,john.taylor1359@email.com,4207315999,1999-01-02,Canada,ACTIVE,2026-09-30
1360,Sarah,Brown,sarah.brown1360@email.com,6175302999,1967-01-26,Canada,ACTIVE,2026-09-30
1361,Amit,Shah,amit.shah1361@email.com,6135649277,1983-12-06,Canada,ACTIVE,2026-09-30
1362,Amit,Singh,amit.singh1362@email.com,4607216485,1970-03-26,Canada,INACTIVE,2026-09-30
1363,Priya,Patel,priya.patel1363@email.com,5753558047,2000-11-02,Canada,ACTIVE,2026-09-30
1364,Priya,Brown,priya.brown1364@email.com,5695042857,1988-09-24,Canada,ACTIVE,2026-09-30
1365,Priya,Shah,priya.shah1365@email.com,5741994779,1995-02-27,Canada,ACTIVE,2026-09-30
1366,Michael,Lee,michael.lee1366@email.com,5352528708,1974-02-10,Canada,ACTIVE,2026-09-30
1367,Emily,Brown,emily.brown1367@email.com,5512461982,1997-02-14,Canada,ACTIVE,2026-09-30
1368,Daniel,Smith,daniel.smith1368@email.com,4974186848,1969-11-13,Canada,ACTIVE,2026-09-30
1369,Emily,Singh,emily.singh1369@email.com,5399695239,1973-11-04,Canada,INACTIVE,2026-09-30
1370,Priya,Singh,priya.singh1370@email.com,5575236726,1978-06-04,Canada,ACTIVE,2026-09-30
1371,Amit,Singh,amit.singh1371@email.com,5189186818,1963-05-17,Canada,INACTIVE,2026-09-30
1372,Sarah,Lee,sarah.lee1372@email.com,6321508512,1971-11-20,Canada,INACTIVE,2026-09-30
1373,Daniel,Wilson,daniel.wilson1373@email.com,4707062522,2000-02-29,Canada,ACTIVE,2026-09-30
1374,John,Brown,john.brown1374@email.com,4979703870,1995-05-28,Canada,INACTIVE,2026-09-30
1375,Amit,Shah,amit.shah1375@email.com,5017515108,1972-04-13,Canada,ACTIVE,2026-09-30
1376,David,Shah,david.shah1376@email.com,6123189242,1986-02-04,Canada,INACTIVE,2026-09-30
1377,John,Wilson,john.wilson1377@email.com,5911126559,1974-12-11,Canada,INACTIVE,2026-09-30
1378,David,Smith,david.smith1378@email.com,4540154734,1961-03-22,Canada,ACTIVE,2026-09-30
1379,Emily,Smith,emily.smith1379@email.com,4222328301,1964-07-23,Canada,INACTIVE,2026-09-30
1380,Emily,Wilson,emily.wilson1380@email.com,4722024084,2000-05-10,Canada,ACTIVE,2026-09-30
1381,Sarah,Lee,sarah.lee1381@email.com,4860088714,2002-03-03,Canada,ACTIVE,2026-09-30
1382,Sarah,Smith,sarah.smith1382@email.com,4659191534,1974-12-17,Canada,ACTIVE,2026-09-30
1383,David,Taylor,david.taylor1383@email.com,4903494326,1964-07-20,Canada,ACTIVE,2026-09-30
1384,Daniel,Patel,daniel.patel1384@email.com,4750279403,1978-04-12,Canada,INACTIVE,2026-09-30
1385,Sarah,Singh,sarah.singh1385@email.com,4608535170,1989-12-20,Canada,INACTIVE,2026-09-30
1386,Sarah,Brown,sarah.brown1386@email.com,5813467629,1991-07-01,Canada,ACTIVE,2026-09-30
1387,Daniel,Shah,daniel.shah1387@email.com,6262286722,1966-09-05,Canada,INACTIVE,2026-09-30
1388,Emily,Singh,emily.singh1388@email.com,5523084247,1961-08-24,Canada,ACTIVE,2026-09-30
1389,Amit,Wilson,amit.wilson1389@email.com,6282499438,1971-07-15,Canada,ACTIVE,2026-09-30
1390,Michael,Brown,michael.brown1390@email.com,4726799855,1960-10-01,Canada,INACTIVE,2026-09-30
1391,Priya,Singh,priya.singh1391@email.com,5346775027,1976-09-17,Canada,INACTIVE,2026-09-30
1392,Sarah,Lee,sarah.lee1392@email.com,4796130399,1979-02-18,Canada,ACTIVE,2026-09-30
1393,Sarah,Smith,sarah.smith1393@email.com,4844768992,1983-06-08,Canada,INACTIVE,2026-09-30
1394,John,Smith,john.smith1394@email.com,5925178006,1995-03-11,Canada,INACTIVE,2026-09-30
1395,John,Smith,john.smith1395@email.com,6302985396,2003-09-20,Canada,ACTIVE,2026-09-30
1396,Amit,Lee,amit.lee1396@email.com,5602982625,1993-04-09,Canada,ACTIVE,2026-09-30
1397,Daniel,Wilson,daniel.wilson1397@email.com,4752669316,2005-12-06,Canada,INACTIVE,2026-09-30
1398,Michael,Shah,michael.shah1398@email.com,6365121210,1985-08-15,Canada,INACTIVE,2026-09-30
1399,Daniel,Patel,daniel.patel1399@email.com,6411320091,2003-08-11,Canada,ACTIVE,2026-09-30
1400,Daniel,Wilson,daniel.wilson1400@email.com,4862679214,1982-11-24,Canada,INACTIVE,2026-09-30
1401,John,Singh,john.singh1401@email.com,5260315640,1997-02-02,Canada,INACTIVE,2026-09-30
1402,Michael,Brown,michael.brown1402@email.com,4348718016,1961-11-16,Canada,INACTIVE,2026-09-30
1403,Priya,Lee,priya.lee1403@email.com,4881815616,1976-01-22,Canada,INACTIVE,2026-09-30
1404,David,Singh,david.singh1404@email.com,5283680637,1968-08-05,Canada,INACTIVE,2026-09-30
1405,Daniel,Taylor,daniel.taylor1405@email.com,4234542173,1980-12-15,Canada,ACTIVE,2026-09-30
1406,Emily,Lee,emily.lee1406@email.com,5591364582,1963-08-20,Canada,ACTIVE,2026-09-30
1407,Emily,Brown,emily.brown1407@email.com,5206374816,1967-09-11,Canada,ACTIVE,2026-09-30
1408,Emily,Lee,emily.lee1408@email.com,4430939809,1984-05-09,Canada,ACTIVE,2026-09-30
1409,David,Smith,david.smith1409@email.com,5108926570,1974-07-21,Canada,ACTIVE,2026-09-30
1410,John,Lee,john.lee1410@email.com,4541229402,1975-10-09,Canada,ACTIVE,2026-09-30
1411,Emily,Lee,emily.lee1411@email.com,4498774795,1962-09-22,Canada,INACTIVE,2026-09-30
1412,Sarah,Singh,sarah.singh1412@email.com,5850138541,2001-10-13,Canada,ACTIVE,2026-09-30
1413,Michael,Smith,michael.smith1413@email.com,5810740708,1997-04-27,Canada,INACTIVE,2026-09-30
1414,Michael,Singh,michael.singh1414@email.com,4926593661,1974-11-24,Canada,ACTIVE,2026-09-30
1415,John,Taylor,john.taylor1415@email.com,5940088759,1998-04-09,Canada,ACTIVE,2026-09-30
1416,Emily,Taylor,emily.taylor1416@email.com,5992433134,1962-10-02,Canada,INACTIVE,2026-09-30
1417,Sarah,Brown,sarah.brown1417@email.com,5663816978,1998-10-14,Canada,ACTIVE,2026-09-30
1418,David,Brown,david.brown1418@email.com,5928583296,2002-07-30,Canada,ACTIVE,2026-09-30
1419,Emily,Wilson,emily.wilson1419@email.com,5786188872,1972-11-08,Canada,ACTIVE,2026-09-30
1420,David,Singh,david.singh1420@email.com,6426885817,1999-05-04,Canada,INACTIVE,2026-09-30
1421,Michael,Brown,michael.brown1421@email.com,5715802892,1962-01-07,Canada,ACTIVE,2026-09-30
1422,Daniel,Taylor,daniel.taylor1422@email.com,4709394905,1990-05-13,Canada,ACTIVE,2026-09-30
1423,Daniel,Smith,daniel.smith1423@email.com,5670689910,2001-10-29,Canada,INACTIVE,2026-09-30
1424,Priya,Brown,priya.brown1424@email.com,5024742439,1989-11-16,Canada,INACTIVE,2026-09-30
1425,Amit,Wilson,amit.wilson1425@email.com,5256367339,2003-08-12,Canada,ACTIVE,2026-09-30
1426,David,Lee,david.lee1426@email.com,4616826461,1971-05-04,Canada,INACTIVE,2026-09-30
1427,John,Brown,john.brown1427@email.com,4268454669,1968-07-28,Canada,ACTIVE,2026-09-30
1428,Priya,Smith,priya.smith1428@email.com,4382789925,1961-12-20,Canada,ACTIVE,2026-09-30
1429,David,Singh,david.singh1429@email.com,4345366481,1967-04-09,Canada,INACTIVE,2026-09-30
1430,Daniel,Singh,daniel.singh1430@email.com,4620994447,1999-12-30,Canada,INACTIVE,2026-09-30
1431,Sarah,Smith,sarah.smith1431@email.com,5982420511,1971-05-17,Canada,ACTIVE,2026-09-30
1432,David,Brown,david.brown1432@email.com,5795574514,2000-11-17,Canada,INACTIVE,2026-09-30
1433,David,Patel,david.patel1433@email.com,6169091450,1962-10-13,Canada,ACTIVE,2026-09-30
1434,David,Patel,david.patel1434@email.com,4515887909,1975-07-11,Canada,ACTIVE,2026-09-30
1435,Sarah,Taylor,sarah.taylor1435@email.com,5162179683,1983-07-19,Canada,INACTIVE,2026-09-30
1436,Priya,Shah,priya.shah1436@email.com,4175679192,1978-04-24,Canada,ACTIVE,2026-09-30
1437,Sarah,Lee,sarah.lee1437@email.com,4372781204,1979-12-03,Canada,ACTIVE,2026-09-30
1438,John,Singh,john.singh1438@email.com,5746367411,1987-08-08,Canada,INACTIVE,2026-09-30
1439,Priya,Lee,priya.lee1439@email.com,5802743476,1992-07-06,Canada,ACTIVE,2026-09-30
1440,Amit,Patel,amit.patel1440@email.com,4624431508,1997-05-24,Canada,INACTIVE,2026-09-30
1441,Daniel,Smith,daniel.smith1441@email.com,5193221300,1993-03-20,Canada,INACTIVE,2026-09-30
1442,John,Shah,john.shah1442@email.com,4258180905,1996-02-07,Canada,ACTIVE,2026-09-30
1443,Daniel,Singh,daniel.singh1443@email.com,5222929611,1975-03-06,Canada,INACTIVE,2026-09-30
1444,Priya,Taylor,priya.taylor1444@email.com,4257972568,1981-04-09,Canada,INACTIVE,2026-09-30
1445,John,Patel,john.patel1445@email.com,5310589309,1964-07-12,Canada,INACTIVE,2026-09-30
1446,John,Taylor,john.taylor1446@email.com,4731037618,1990-01-17,Canada,INACTIVE,2026-09-30
1447,Emily,Smith,emily.smith1447@email.com,5458702138,1980-11-01,Canada,ACTIVE,2026-09-30
1448,Priya,Singh,priya.singh1448@email.com,5301162940,1975-05-12,Canada,INACTIVE,2026-09-30
1449,David,Lee,david.lee1449@email.com,4487972807,1977-04-07,Canada,INACTIVE,2026-09-30
1450,Michael,Patel,michael.patel1450@email.com,5585367097,1961-07-23,Canada,INACTIVE,2026-09-30
1451,Sarah,Patel,sarah.patel1451@email.com,5715575018,1978-08-20,Canada,ACTIVE,2026-09-30
1452,Emily,Brown,emily.brown1452@email.com,6243164338,1962-05-13,Canada,INACTIVE,2026-09-30
1453,Michael,Smith,michael.smith1453@email.com,4442021372,1973-02-14,Canada,INACTIVE,2026-09-30
1454,Michael,Brown,michael.brown1454@email.com,4349338514,1994-10-15,Canada,INACTIVE,2026-09-30
1455,Michael,Brown,michael.brown1455@email.com,6252073205,1975-04-13,Canada,ACTIVE,2026-09-30
1456,Amit,Taylor,amit.taylor1456@email.com,5221509528,1972-09-15,Canada,INACTIVE,2026-09-30
1457,Sarah,Taylor,sarah.taylor1457@email.com,4983620439,1976-06-25,Canada,INACTIVE,2026-09-30
1458,Daniel,Taylor,daniel.taylor1458@email.com,4863277569,1971-12-19,Canada,ACTIVE,2026-09-30
1459,Amit,Wilson,amit.wilson1459@email.com,5126155931,1972-06-10,Canada,ACTIVE,2026-09-30
1460,Daniel,Brown,daniel.brown1460@email.com,5125574556,2005-03-28,Canada,ACTIVE,2026-09-30
1461,Priya,Smith,priya.smith1461@email.com,4998468857,2004-07-13,Canada,INACTIVE,2026-09-30
1462,Priya,Taylor,priya.taylor1462@email.com,6314641686,1978-05-25,Canada,ACTIVE,2026-09-30
1463,Priya,Singh,priya.singh1463@email.com,6015179033,1965-03-23,Canada,ACTIVE,2026-09-30
1464,Emily,Wilson,emily.wilson1464@email.com,4580157098,1971-04-25,Canada,ACTIVE,2026-09-30
1465,Emily,Lee,emily.lee1465@email.com,4344544461,1995-01-03,Canada,INACTIVE,2026-09-30
1466,David,Singh,david.singh1466@email.com,5170828571,1960-03-18,Canada,INACTIVE,2026-09-30
1467,Michael,Wilson,michael.wilson1467@email.com,5162168730,1999-09-25,Canada,ACTIVE,2026-09-30
1468,David,Taylor,david.taylor1468@email.com,4771177080,1981-04-27,Canada,ACTIVE,2026-09-30
1469,Sarah,Shah,sarah.shah1469@email.com,6126871662,1983-09-02,Canada,INACTIVE,2026-09-30
1470,Daniel,Singh,daniel.singh1470@email.com,4603468781,1963-06-08,Canada,ACTIVE,2026-09-30
1471,John,Wilson,john.wilson1471@email.com,6090345935,1993-10-15,Canada,ACTIVE,2026-09-30
1472,Priya,Patel,priya.patel1472@email.com,5275636601,1969-05-06,Canada,ACTIVE,2026-09-30
1473,Emily,Lee,emily.lee1473@email.com,5940899388,1977-09-27,Canada,ACTIVE,2026-09-30
1474,Sarah,Singh,sarah.singh1474@email.com,6427049819,1982-09-02,Canada,ACTIVE,2026-09-30
1475,Daniel,Singh,daniel.singh1475@email.com,5079085478,1967-01-16,Canada,INACTIVE,2026-09-30
1476,Emily,Patel,emily.patel1476@email.com,6294568665,1989-09-21,Canada,INACTIVE,2026-09-30
1477,Priya,Patel,priya.patel1477@email.com,6185580163,1967-08-17,Canada,INACTIVE,2026-09-30
1478,Emily,Lee,emily.lee1478@email.com,5129524071,1992-03-29,Canada,ACTIVE,2026-09-30
1479,Michael,Smith,michael.smith1479@email.com,6144113288,2003-08-25,Canada,INACTIVE,2026-09-30
1480,Amit,Smith,amit.smith1480@email.com,4551060860,1987-01-07,Canada,INACTIVE,2026-09-30
1481,Daniel,Brown,daniel.brown1481@email.com,4274319682,1966-03-15,Canada,INACTIVE,2026-09-30
1482,Priya,Taylor,priya.taylor1482@email.com,4505019733,1976-08-30,Canada,ACTIVE,2026-09-30
1483,Amit,Wilson,amit.wilson1483@email.com,5819450557,1990-05-13,Canada,ACTIVE,2026-09-30
1484,Michael,Lee,michael.lee1484@email.com,4232477587,1984-02-12,Canada,INACTIVE,2026-09-30
1485,Priya,Lee,priya.lee1485@email.com,5108071425,1975-04-11,Canada,ACTIVE,2026-09-30
1486,Sarah,Brown,sarah.brown1486@email.com,6444152898,1969-06-02,Canada,INACTIVE,2026-09-30
1487,David,Smith,david.smith1487@email.com,4263256674,1964-08-02,Canada,INACTIVE,2026-09-30
1488,Sarah,Patel,sarah.patel1488@email.com,5185439602,1975-02-10,Canada,ACTIVE,2026-09-30
1489,Michael,Wilson,michael.wilson1489@email.com,5228878636,1962-12-26,Canada,ACTIVE,2026-09-30
1490,John,Shah,john.shah1490@email.com,5150389266,1981-02-19,Canada,ACTIVE,2026-09-30
1491,Sarah,Wilson,sarah.wilson1491@email.com,4270436691,1965-12-19,Canada,INACTIVE,2026-09-30
1492,John,Brown,john.brown1492@email.com,6162721037,2005-02-01,Canada,ACTIVE,2026-09-30
1493,Sarah,Lee,sarah.lee1493@email.com,5119223830,1960-08-29,Canada,INACTIVE,2026-09-30
1494,Sarah,Lee,sarah.lee1494@email.com,4750936155,1964-02-06,Canada,ACTIVE,2026-09-30
1495,Priya,Smith,priya.smith1495@email.com,5901504143,1977-09-19,Canada,ACTIVE,2026-09-30
1496,Michael,Taylor,michael.taylor1496@email.com,6283282010,1963-09-20,Canada,ACTIVE,2026-09-30
1497,John,Taylor,john.taylor1497@email.com,4590916049,1979-09-25,Canada,ACTIVE,2026-09-30
1498,John,Shah,john.shah1498@email.com,4711728463,1995-09-10,Canada,INACTIVE,2026-09-30
1499,Priya,Shah,priya.shah1499@email.com,5828461275,1974-04-15,Canada,INACTIVE,2026-09-30
1500,Amit,Brown,amit.brown1500@email.com,4568890878,1982-06-29,Canada,ACTIVE,2026-09-30
1501,Emily,Patel,emily.patel1501@email.com,6317588694,1971-10-06,Canada,ACTIVE,2026-09-30
1502,Amit,Patel,amit.patel1502@email.com,4800400386,1992-08-20,Canada,INACTIVE,2026-09-30
1503,Sarah,Patel,sarah.patel1503@email.com,6136511430,1967-09-17,Canada,ACTIVE,2026-09-30
1504,Amit,Singh,amit.singh1504@email.com,6385086279,1989-01-29,Canada,INACTIVE,2026-09-30
1505,Priya,Lee,priya.lee1505@email.com,4442684909,1961-04-14,Canada,ACTIVE,2026-09-30
1506,Amit,Taylor,amit.taylor1506@email.com,6361531519,1992-06-26,Canada,ACTIVE,2026-09-30
1507,Amit,Singh,amit.singh1507@email.com,6300642778,1984-05-18,Canada,INACTIVE,2026-09-30
1508,Amit,Taylor,amit.taylor1508@email.com,5029275646,1996-05-26,Canada,ACTIVE,2026-09-30
1509,Daniel,Lee,daniel.lee1509@email.com,6277353176,1999-02-04,Canada,INACTIVE,2026-09-30
1510,Priya,Lee,priya.lee1510@email.com,6091511039,1976-12-10,Canada,ACTIVE,2026-09-30
1511,John,Wilson,john.wilson1511@email.com,5619909132,1993-07-18,Canada,ACTIVE,2026-09-30
1512,Michael,Taylor,michael.taylor1512@email.com,4498953505,1972-01-03,Canada,INACTIVE,2026-09-30
1513,David,Shah,david.shah1513@email.com,6001700852,2002-11-24,Canada,INACTIVE,2026-09-30
1514,Priya,Patel,priya.patel1514@email.com,6379722002,1964-02-01,Canada,ACTIVE,2026-09-30
1515,Sarah,Taylor,sarah.taylor1515@email.com,5442978255,1969-05-21,Canada,ACTIVE,2026-09-30
1516,Sarah,Patel,sarah.patel1516@email.com,6474093805,1984-04-17,Canada,ACTIVE,2026-09-30
1517,John,Wilson,john.wilson1517@email.com,5765181009,1999-12-07,Canada,ACTIVE,2026-09-30
1518,Emily,Lee,emily.lee1518@email.com,5867397134,1997-06-15,Canada,INACTIVE,2026-09-30
1519,Michael,Taylor,michael.taylor1519@email.com,4640283082,1993-05-20,Canada,INACTIVE,2026-09-30
1520,Priya,Wilson,priya.wilson1520@email.com,5689960554,2000-04-16,Canada,ACTIVE,2026-09-30
1521,Daniel,Smith,daniel.smith1521@email.com,6254334840,1979-06-18,Canada,ACTIVE,2026-09-30
1522,Sarah,Patel,sarah.patel1522@email.com,5034849288,1999-06-17,Canada,ACTIVE,2026-09-30
1523,Amit,Brown,amit.brown1523@email.com,4654676729,2000-06-05,Canada,INACTIVE,2026-09-30
1524,David,Taylor,david.taylor1524@email.com,4846704731,1981-09-15,Canada,ACTIVE,2026-09-30
1525,John,Brown,john.brown1525@email.com,4555010077,1964-08-21,Canada,INACTIVE,2026-09-30
1526,Priya,Singh,priya.singh1526@email.com,4765722210,1978-01-15,Canada,INACTIVE,2026-09-30
1527,Michael,Shah,michael.shah1527@email.com,5044866706,1990-05-08,Canada,ACTIVE,2026-09-30
1528,Michael,Singh,michael.singh1528@email.com,6027483740,1968-07-22,Canada,INACTIVE,2026-09-30
1529,David,Taylor,david.taylor1529@email.com,4337860606,2002-01-30,Canada,INACTIVE,2026-09-30
1530,Amit,Shah,amit.shah1530@email.com,6394134735,1996-08-13,Canada,INACTIVE,2026-09-30
1531,John,Shah,john.shah1531@email.com,5544762183,1967-11-05,Canada,ACTIVE,2026-09-30
1532,Michael,Wilson,michael.wilson1532@email.com,5267984284,1967-07-30,Canada,ACTIVE,2026-09-30
1533,David,Lee,david.lee1533@email.com,5341277223,1975-03-24,Canada,ACTIVE,2026-09-30
1534,Amit,Taylor,amit.taylor1534@email.com,6015281663,1974-03-02,Canada,ACTIVE,2026-09-30
1535,Amit,Shah,amit.shah1535@email.com,5720460796,1966-04-21,Canada,ACTIVE,2026-09-30
1536,David,Taylor,david.taylor1536@email.com,5734491992,1997-07-10,Canada,ACTIVE,2026-09-30
1537,Amit,Shah,amit.shah1537@email.com,6067067868,1980-03-20,Canada,INACTIVE,2026-09-30
1538,John,Brown,john.brown1538@email.com,6178235429,1977-09-11,Canada,INACTIVE,2026-09-30
1539,Michael,Wilson,michael.wilson1539@email.com,6018172946,1965-02-28,Canada,ACTIVE,2026-09-30
1540,Daniel,Wilson,daniel.wilson1540@email.com,5186402268,2004-03-11,Canada,INACTIVE,2026-09-30
1541,David,Wilson,david.wilson1541@email.com,5307078670,1980-12-21,Canada,ACTIVE,2026-09-30
1542,David,Brown,david.brown1542@email.com,4834403237,2005-09-10,Canada,INACTIVE,2026-09-30
1543,Priya,Taylor,priya.taylor1543@email.com,6444121667,2003-03-31,Canada,ACTIVE,2026-09-30
1544,Daniel,Shah,daniel.shah1544@email.com,6362163274,1998-11-02,Canada,ACTIVE,2026-09-30
1545,Amit,Singh,amit.singh1545@email.com,6101101718,1981-01-24,Canada,INACTIVE,2026-09-30
1546,Emily,Lee,emily.lee1546@email.com,4765747322,1967-09-28,Canada,ACTIVE,2026-09-30
1547,Daniel,Shah,daniel.shah1547@email.com,5368446938,1994-07-03,Canada,INACTIVE,2026-09-30
1548,David,Taylor,david.taylor1548@email.com,6179629126,1961-06-09,Canada,ACTIVE,2026-09-30
1549,Priya,Wilson,priya.wilson1549@email.com,4708571682,1979-05-03,Canada,INACTIVE,2026-09-30
1550,Sarah,Wilson,sarah.wilson1550@email.com,6294534751,1997-03-26,Canada,ACTIVE,2026-09-30
1551,Daniel,Brown,daniel.brown1551@email.com,6017076893,1996-11-12,Canada,ACTIVE,2026-09-30
1552,Sarah,Singh,sarah.singh1552@email.com,5570887551,1968-07-27,Canada,INACTIVE,2026-09-30
1553,Sarah,Shah,sarah.shah1553@email.com,4861327375,1964-01-10,Canada,INACTIVE,2026-09-30
1554,Emily,Patel,emily.patel1554@email.com,5861544837,1967-01-14,Canada,ACTIVE,2026-09-30
1555,Daniel,Patel,daniel.patel1555@email.com,5884398364,1966-06-29,Canada,ACTIVE,2026-09-30
1556,Priya,Patel,priya.patel1556@email.com,4732649383,1966-09-16,Canada,ACTIVE,2026-09-30
1557,Priya,Singh,priya.singh1557@email.com,5799611973,1998-02-12,Canada,ACTIVE,2026-09-30
1558,Michael,Lee,michael.lee1558@email.com,5439991898,1993-06-16,Canada,ACTIVE,2026-09-30
1559,Daniel,Smith,daniel.smith1559@email.com,4250253946,2002-02-15,Canada,INACTIVE,2026-09-30
1560,Daniel,Patel,daniel.patel1560@email.com,5771904009,1983-11-18,Canada,INACTIVE,2026-09-30
1561,Priya,Wilson,priya.wilson1561@email.com,6110706062,1978-06-08,Canada,INACTIVE,2026-09-30
1562,Michael,Taylor,michael.taylor1562@email.com,6188521892,1995-03-20,Canada,INACTIVE,2026-09-30
1563,John,Singh,john.singh1563@email.com,4829969139,1993-05-03,Canada,INACTIVE,2026-09-30
1564,Daniel,Lee,daniel.lee1564@email.com,5463968130,1980-05-27,Canada,INACTIVE,2026-09-30
1565,Michael,Smith,michael.smith1565@email.com,5606375141,2001-08-07,Canada,ACTIVE,2026-09-30
1566,Daniel,Patel,daniel.patel1566@email.com,4333805297,1991-04-19,Canada,ACTIVE,2026-09-30
1567,Amit,Shah,amit.shah1567@email.com,5447312006,1966-10-03,Canada,INACTIVE,2026-09-30
1568,Emily,Shah,emily.shah1568@email.com,4182594738,2005-12-14,Canada,INACTIVE,2026-09-30
1569,Sarah,Lee,sarah.lee1569@email.com,5153799322,1972-12-09,Canada,ACTIVE,2026-09-30
1570,Priya,Lee,priya.lee1570@email.com,6007508843,1981-03-18,Canada,INACTIVE,2026-09-30
1571,Daniel,Shah,daniel.shah1571@email.com,6205437651,1988-12-27,Canada,INACTIVE,2026-09-30
1572,Amit,Lee,amit.lee1572@email.com,4729144880,1978-04-22,Canada,INACTIVE,2026-09-30
1573,Amit,Smith,amit.smith1573@email.com,5462852478,1979-11-16,Canada,INACTIVE,2026-09-30
1574,Michael,Brown,michael.brown1574@email.com,5670261384,2002-12-25,Canada,ACTIVE,2026-09-30
1575,Emily,Brown,emily.brown1575@email.com,5411638909,1963-01-25,Canada,INACTIVE,2026-09-30
1576,Michael,Patel,michael.patel1576@email.com,6187645881,1968-01-11,Canada,INACTIVE,2026-09-30
1577,Amit,Lee,amit.lee1577@email.com,5921975489,1998-04-06,Canada,INACTIVE,2026-09-30
1578,Michael,Smith,michael.smith1578@email.com,4820901470,1960-04-06,Canada,ACTIVE,2026-09-30
1579,Emily,Smith,emily.smith1579@email.com,5511682850,1988-07-07,Canada,INACTIVE,2026-09-30
1580,David,Patel,david.patel1580@email.com,5170793104,2005-01-19,Canada,INACTIVE,2026-09-30
1581,Priya,Lee,priya.lee1581@email.com,5103189042,1969-03-26,Canada,ACTIVE,2026-09-30
1582,Daniel,Taylor,daniel.taylor1582@email.com,5192267874,1995-10-15,Canada,ACTIVE,2026-09-30
1583,Priya,Patel,priya.patel1583@email.com,4884034848,1978-04-22,Canada,ACTIVE,2026-09-30
1584,John,Lee,john.lee1584@email.com,4269994501,1979-01-23,Canada,INACTIVE,2026-09-30
1585,Sarah,Taylor,sarah.taylor1585@email.com,5393392116,1961-10-10,Canada,INACTIVE,2026-09-30
1586,Amit,Singh,amit.singh1586@email.com,5431642966,1983-06-11,Canada,INACTIVE,2026-09-30
1587,Priya,Wilson,priya.wilson1587@email.com,5485883032,2005-12-13,Canada,ACTIVE,2026-09-30
1588,Michael,Brown,michael.brown1588@email.com,5131879271,2004-12-11,Canada,INACTIVE,2026-09-30
1589,Emily,Shah,emily.shah1589@email.com,6199186735,1980-07-22,Canada,ACTIVE,2026-09-30
1590,Sarah,Brown,sarah.brown1590@email.com,5014166857,1990-01-08,Canada,ACTIVE,2026-09-30
1591,Sarah,Shah,sarah.shah1591@email.com,6237329536,1991-10-28,Canada,ACTIVE,2026-09-30
1592,Emily,Shah,emily.shah1592@email.com,4974661838,1971-10-22,Canada,INACTIVE,2026-09-30
1593,Priya,Lee,priya.lee1593@email.com,5950544566,1986-07-04,Canada,INACTIVE,2026-09-30
1594,Michael,Lee,michael.lee1594@email.com,6371297082,1969-01-31,Canada,INACTIVE,2026-09-30
1595,Emily,Smith,emily.smith1595@email.com,4460384454,1963-10-01,Canada,ACTIVE,2026-09-30
1596,John,Shah,john.shah1596@email.com,5920655212,1993-01-28,Canada,INACTIVE,2026-09-30
1597,David,Shah,david.shah1597@email.com,6282188834,1992-08-15,Canada,INACTIVE,2026-09-30
1598,Michael,Wilson,michael.wilson1598@email.com,4626186140,1981-12-31,Canada,INACTIVE,2026-09-30
1599,Michael,Brown,michael.brown1599@email.com,5698638346,1995-08-04,Canada,ACTIVE,2026-09-30
1600,John,Wilson,john.wilson1600@email.com,6260485526,1967-04-14,Canada,ACTIVE,2026-09-30
1601,Sarah,Taylor,sarah.taylor1601@email.com,4557527658,1988-09-02,Canada,INACTIVE,2026-09-30
1602,Emily,Wilson,emily.wilson1602@email.com,5197533451,1968-01-19,Canada,INACTIVE,2026-09-30
1603,Amit,Taylor,amit.taylor1603@email.com,4477378578,1966-03-10,Canada,ACTIVE,2026-09-30
1604,Sarah,Singh,sarah.singh1604@email.com,6356817052,1984-03-10,Canada,ACTIVE,2026-09-30
1605,Amit,Singh,amit.singh1605@email.com,4551333820,1994-06-19,Canada,ACTIVE,2026-09-30
1606,Emily,Lee,emily.lee1606@email.com,4200292359,1977-01-12,Canada,INACTIVE,2026-09-30
1607,Emily,Patel,emily.patel1607@email.com,4250943317,1970-04-26,Canada,ACTIVE,2026-09-30
1608,Priya,Patel,priya.patel1608@email.com,5113816596,1995-06-20,Canada,INACTIVE,2026-09-30
1609,Amit,Lee,amit.lee1609@email.com,4385079818,2000-05-16,Canada,ACTIVE,2026-09-30
1610,Michael,Singh,michael.singh1610@email.com,5316923536,1961-09-18,Canada,ACTIVE,2026-09-30
1611,Amit,Patel,amit.patel1611@email.com,4671864172,1961-01-02,Canada,INACTIVE,2026-09-30
1612,Priya,Singh,priya.singh1612@email.com,6427501927,1970-05-21,Canada,ACTIVE,2026-09-30
1613,David,Shah,david.shah1613@email.com,6291115670,1961-10-09,Canada,INACTIVE,2026-09-30
1614,John,Taylor,john.taylor1614@email.com,5984397174,1992-05-08,Canada,INACTIVE,2026-09-30
1615,John,Patel,john.patel1615@email.com,5014781922,1993-12-28,Canada,INACTIVE,2026-09-30
1616,Emily,Wilson,emily.wilson1616@email.com,5679510177,1990-07-09,Canada,INACTIVE,2026-09-30
1617,Michael,Taylor,michael.taylor1617@email.com,4557457430,1971-02-01,Canada,ACTIVE,2026-09-30
1618,Michael,Singh,michael.singh1618@email.com,5881756834,1985-02-24,Canada,INACTIVE,2026-09-30
1619,Michael,Taylor,michael.taylor1619@email.com,5073661427,1989-02-16,Canada,INACTIVE,2026-09-30
1620,Daniel,Shah,daniel.shah1620@email.com,5834986542,1969-03-11,Canada,INACTIVE,2026-09-30
1621,David,Wilson,david.wilson1621@email.com,6274199324,2000-08-23,Canada,INACTIVE,2026-09-30
1622,John,Singh,john.singh1622@email.com,4526254169,1971-03-13,Canada,ACTIVE,2026-09-30
1623,Sarah,Wilson,sarah.wilson1623@email.com,5264279956,2005-11-01,Canada,ACTIVE,2026-09-30
1624,David,Wilson,david.wilson1624@email.com,5323288570,1971-09-02,Canada,ACTIVE,2026-09-30
1625,Daniel,Lee,daniel.lee1625@email.com,6120100569,1998-12-19,Canada,INACTIVE,2026-09-30
1626,Daniel,Shah,daniel.shah1626@email.com,6077118216,1971-09-29,Canada,ACTIVE,2026-09-30
1627,John,Wilson,john.wilson1627@email.com,5490547294,1965-03-05,Canada,INACTIVE,2026-09-30
1628,Michael,Singh,michael.singh1628@email.com,4370902508,1998-07-28,Canada,ACTIVE,2026-09-30
1629,Amit,Lee,amit.lee1629@email.com,4704015210,1990-03-31,Canada,ACTIVE,2026-09-30
1630,Priya,Lee,priya.lee1630@email.com,4600470561,1972-12-17,Canada,ACTIVE,2026-09-30
1631,Michael,Singh,michael.singh1631@email.com,4541966534,1976-07-18,Canada,INACTIVE,2026-09-30
1632,Priya,Patel,priya.patel1632@email.com,5401348634,2004-06-11,Canada,ACTIVE,2026-09-30
1633,Daniel,Singh,daniel.singh1633@email.com,5815045495,1966-03-07,Canada,ACTIVE,2026-09-30
1634,Sarah,Shah,sarah.shah1634@email.com,5140639950,1982-03-10,Canada,INACTIVE,2026-09-30
1635,Amit,Singh,amit.singh1635@email.com,4334721720,1992-08-23,Canada,INACTIVE,2026-09-30
1636,Daniel,Wilson,daniel.wilson1636@email.com,5230775203,1995-07-01,Canada,INACTIVE,2026-09-30
1637,Michael,Brown,michael.brown1637@email.com,6358335485,1967-11-29,Canada,INACTIVE,2026-09-30
1638,David,Smith,david.smith1638@email.com,6135805389,1960-03-28,Canada,INACTIVE,2026-09-30
1639,Amit,Patel,amit.patel1639@email.com,5428808314,1996-01-19,Canada,INACTIVE,2026-09-30
1640,Michael,Brown,michael.brown1640@email.com,5202546293,1985-01-01,Canada,ACTIVE,2026-09-30
1641,Michael,Brown,michael.brown1641@email.com,4600509214,1990-09-01,Canada,ACTIVE,2026-09-30
1642,Priya,Patel,priya.patel1642@email.com,6138953488,1965-04-27,Canada,ACTIVE,2026-09-30
1643,Amit,Shah,amit.shah1643@email.com,4722729298,2004-08-19,Canada,ACTIVE,2026-09-30
1644,Amit,Brown,amit.brown1644@email.com,5385753695,1989-03-18,Canada,ACTIVE,2026-09-30
1645,Emily,Singh,emily.singh1645@email.com,4956903614,2000-02-29,Canada,ACTIVE,2026-09-30
1646,Amit,Wilson,amit.wilson1646@email.com,5010199735,1994-05-31,Canada,INACTIVE,2026-09-30
1647,Michael,Wilson,michael.wilson1647@email.com,6385776326,1978-02-26,Canada,ACTIVE,2026-09-30
1648,Daniel,Brown,daniel.brown1648@email.com,5513812418,1967-06-14,Canada,ACTIVE,2026-09-30
1649,John,Brown,john.brown1649@email.com,5767602117,2002-05-04,Canada,INACTIVE,2026-09-30
1650,Michael,Smith,michael.smith1650@email.com,6342033061,1998-04-28,Canada,ACTIVE,2026-09-30
1651,John,Singh,john.singh1651@email.com,5552840166,2000-07-05,Canada,INACTIVE,2026-09-30
1652,Priya,Singh,priya.singh1652@email.com,4893574378,1986-07-03,Canada,INACTIVE,2026-09-30
1653,Sarah,Singh,sarah.singh1653@email.com,4252012789,1997-12-24,Canada,INACTIVE,2026-09-30
1654,David,Wilson,david.wilson1654@email.com,5046460418,1972-07-22,Canada,INACTIVE,2026-09-30
1655,John,Singh,john.singh1655@email.com,4517415755,1983-04-08,Canada,INACTIVE,2026-09-30
1656,David,Singh,david.singh1656@email.com,4572999962,1993-04-24,Canada,ACTIVE,2026-09-30
1657,Amit,Taylor,amit.taylor1657@email.com,4840866171,2003-02-14,Canada,INACTIVE,2026-09-30
1658,John,Taylor,john.taylor1658@email.com,5542370809,1988-08-10,Canada,ACTIVE,2026-09-30
1659,John,Smith,john.smith1659@email.com,6239331360,1997-09-04,Canada,ACTIVE,2026-09-30
1660,David,Wilson,david.wilson1660@email.com,6336113498,1988-07-23,Canada,ACTIVE,2026-09-30
1661,Emily,Patel,emily.patel1661@email.com,5252052135,1990-05-17,Canada,INACTIVE,2026-09-30
1662,Amit,Wilson,amit.wilson1662@email.com,6098664788,1960-11-19,Canada,INACTIVE,2026-09-30
1663,Priya,Wilson,priya.wilson1663@email.com,4355282154,1991-02-06,Canada,INACTIVE,2026-09-30
1664,Sarah,Lee,sarah.lee1664@email.com,5024761952,1978-07-07,Canada,INACTIVE,2026-09-30
1665,David,Singh,david.singh1665@email.com,6302446664,1975-08-13,Canada,ACTIVE,2026-09-30
1666,David,Wilson,david.wilson1666@email.com,4552476608,1996-03-30,Canada,INACTIVE,2026-09-30
1667,David,Smith,david.smith1667@email.com,4995145278,1983-11-07,Canada,ACTIVE,2026-09-30
1668,John,Brown,john.brown1668@email.com,4495916780,1969-02-22,Canada,INACTIVE,2026-09-30
1669,David,Taylor,david.taylor1669@email.com,5708768913,1990-07-17,Canada,INACTIVE,2026-09-30
1670,John,Lee,john.lee1670@email.com,5059951441,1964-05-05,Canada,ACTIVE,2026-09-30
1671,Priya,Shah,priya.shah1671@email.com,6246950046,1960-06-12,Canada,INACTIVE,2026-09-30
1672,Emily,Brown,emily.brown1672@email.com,4836079082,1973-11-02,Canada,INACTIVE,2026-09-30
1673,Priya,Lee,priya.lee1673@email.com,4899925046,1981-04-07,Canada,INACTIVE,2026-09-30
1674,David,Lee,david.lee1674@email.com,6135290764,1993-09-21,Canada,ACTIVE,2026-09-30
1675,Daniel,Taylor,daniel.taylor1675@email.com,4901971826,1987-11-27,Canada,INACTIVE,2026-09-30
1676,David,Lee,david.lee1676@email.com,5531002377,1980-03-04,Canada,INACTIVE,2026-09-30
1677,Sarah,Taylor,sarah.taylor1677@email.com,4445142359,1974-10-02,Canada,ACTIVE,2026-09-30
1678,Sarah,Taylor,sarah.taylor1678@email.com,5550406477,1980-04-08,Canada,ACTIVE,2026-09-30
1679,John,Taylor,john.taylor1679@email.com,5956181702,1967-01-22,Canada,INACTIVE,2026-09-30
1680,John,Brown,john.brown1680@email.com,5749408170,2003-12-05,Canada,INACTIVE,2026-09-30
1681,John,Smith,john.smith1681@email.com,4683738124,1980-02-28,Canada,INACTIVE,2026-09-30
1682,Michael,Patel,michael.patel1682@email.com,6069975138,1998-02-02,Canada,ACTIVE,2026-09-30
1683,Michael,Wilson,michael.wilson1683@email.com,4702509580,1978-11-13,Canada,INACTIVE,2026-09-30
1684,David,Taylor,david.taylor1684@email.com,4794238834,1963-05-27,Canada,INACTIVE,2026-09-30
1685,John,Lee,john.lee1685@email.com,6440094785,1963-04-14,Canada,ACTIVE,2026-09-30
1686,John,Brown,john.brown1686@email.com,5408243845,2001-08-08,Canada,ACTIVE,2026-09-30
1687,Daniel,Wilson,daniel.wilson1687@email.com,5457536211,1979-05-10,Canada,INACTIVE,2026-09-30
1688,David,Patel,david.patel1688@email.com,4170031201,1961-06-08,Canada,ACTIVE,2026-09-30
1689,John,Smith,john.smith1689@email.com,4600879915,1977-03-24,Canada,INACTIVE,2026-09-30
1690,Daniel,Lee,daniel.lee1690@email.com,5959600318,1988-04-20,Canada,ACTIVE,2026-09-30
1691,David,Taylor,david.taylor1691@email.com,6028515486,1979-11-10,Canada,INACTIVE,2026-09-30
1692,Sarah,Brown,sarah.brown1692@email.com,4680830751,2005-12-31,Canada,ACTIVE,2026-09-30
1693,Daniel,Taylor,daniel.taylor1693@email.com,5934433186,2004-10-27,Canada,INACTIVE,2026-09-30
1694,Amit,Shah,amit.shah1694@email.com,5069225229,1994-03-22,Canada,INACTIVE,2026-09-30
1695,Priya,Shah,priya.shah1695@email.com,4707187894,1971-05-13,Canada,INACTIVE,2026-09-30
1696,David,Singh,david.singh1696@email.com,5301385974,1985-12-07,Canada,INACTIVE,2026-09-30
1697,David,Singh,david.singh1697@email.com,5706998507,1961-05-18,Canada,INACTIVE,2026-09-30
1698,Michael,Brown,michael.brown1698@email.com,4701733528,1993-09-12,Canada,ACTIVE,2026-09-30
1699,Daniel,Smith,daniel.smith1699@email.com,5109899813,1962-08-19,Canada,ACTIVE,2026-09-30
1700,Amit,Wilson,amit.wilson1700@email.com,5109825187,1964-12-26,Canada,ACTIVE,2026-09-30
1701,Sarah,Lee,sarah.lee1701@email.com,4940746076,1989-03-07,Canada,ACTIVE,2026-09-30
1702,Amit,Patel,amit.patel1702@email.com,5376070257,1979-05-14,Canada,ACTIVE,2026-09-30
1703,Daniel,Singh,daniel.singh1703@email.com,4446687472,1979-11-17,Canada,INACTIVE,2026-09-30
1704,Priya,Lee,priya.lee1704@email.com,4778937916,2001-12-16,Canada,INACTIVE,2026-09-30
1705,David,Taylor,david.taylor1705@email.com,4697162619,1967-03-31,Canada,ACTIVE,2026-09-30
1706,Sarah,Smith,sarah.smith1706@email.com,5943985956,1987-12-17,Canada,INACTIVE,2026-09-30
1707,Emily,Taylor,emily.taylor1707@email.com,6017017794,1965-10-08,Canada,INACTIVE,2026-09-30
1708,Daniel,Smith,daniel.smith1708@email.com,4250532860,1996-01-10,Canada,INACTIVE,2026-09-30
1709,Amit,Wilson,amit.wilson1709@email.com,5253242231,1987-09-12,Canada,ACTIVE,2026-09-30
1710,David,Singh,david.singh1710@email.com,5790329041,1993-06-17,Canada,INACTIVE,2026-09-30
1711,Sarah,Smith,sarah.smith1711@email.com,6290956443,1968-02-02,Canada,ACTIVE,2026-09-30
1712,Amit,Brown,amit.brown1712@email.com,6171579161,1970-03-10,Canada,ACTIVE,2026-09-30
1713,David,Shah,david.shah1713@email.com,5832530728,1975-01-26,Canada,INACTIVE,2026-09-30
1714,Daniel,Taylor,daniel.taylor1714@email.com,5534354689,1963-01-14,Canada,INACTIVE,2026-09-30
1715,Michael,Wilson,michael.wilson1715@email.com,4199442734,1968-04-17,Canada,INACTIVE,2026-09-30
1716,John,Patel,john.patel1716@email.com,4188477956,1970-08-18,Canada,INACTIVE,2026-09-30
1717,Daniel,Brown,daniel.brown1717@email.com,4408205855,1984-10-29,Canada,INACTIVE,2026-09-30
1718,David,Shah,david.shah1718@email.com,4371471700,1968-11-18,Canada,ACTIVE,2026-09-30
1719,David,Lee,david.lee1719@email.com,5114132577,1972-07-27,Canada,ACTIVE,2026-09-30
1720,Michael,Shah,michael.shah1720@email.com,6459586824,1965-10-24,Canada,ACTIVE,2026-09-30
1721,Priya,Wilson,priya.wilson1721@email.com,6170817260,1969-11-18,Canada,ACTIVE,2026-09-30
1722,Sarah,Shah,sarah.shah1722@email.com,5555442365,1983-08-15,Canada,INACTIVE,2026-09-30
1723,Priya,Patel,priya.patel1723@email.com,4188427364,1981-06-28,Canada,ACTIVE,2026-09-30
1724,Emily,Taylor,emily.taylor1724@email.com,5915609911,1969-01-10,Canada,ACTIVE,2026-09-30
1725,Michael,Singh,michael.singh1725@email.com,5337947712,1992-01-08,Canada,ACTIVE,2026-09-30
1726,Priya,Smith,priya.smith1726@email.com,5432194947,2002-01-20,Canada,ACTIVE,2026-09-30
1727,Michael,Shah,michael.shah1727@email.com,5851164048,1974-05-13,Canada,INACTIVE,2026-09-30
1728,John,Brown,john.brown1728@email.com,6298160659,1979-11-19,Canada,INACTIVE,2026-09-30
1729,Priya,Patel,priya.patel1729@email.com,4348523305,1992-06-24,Canada,ACTIVE,2026-09-30
1730,Michael,Wilson,michael.wilson1730@email.com,5133654809,1973-05-12,Canada,INACTIVE,2026-09-30
1731,John,Wilson,john.wilson1731@email.com,4712286960,1962-09-26,Canada,INACTIVE,2026-09-30
1732,Daniel,Wilson,daniel.wilson1732@email.com,4547232644,1984-03-17,Canada,INACTIVE,2026-09-30
1733,Priya,Brown,priya.brown1733@email.com,5997782974,1979-10-11,Canada,ACTIVE,2026-09-30
1734,Sarah,Wilson,sarah.wilson1734@email.com,4590598185,1981-10-16,Canada,INACTIVE,2026-09-30
1735,Emily,Taylor,emily.taylor1735@email.com,5431194129,1982-03-22,Canada,ACTIVE,2026-09-30
1736,John,Patel,john.patel1736@email.com,5023055373,1984-01-18,Canada,ACTIVE,2026-09-30
1737,Sarah,Smith,sarah.smith1737@email.com,4913564687,1996-04-10,Canada,INACTIVE,2026-09-30
1738,Michael,Brown,michael.brown1738@email.com,6063281602,1973-10-24,Canada,INACTIVE,2026-09-30
1739,John,Brown,john.brown1739@email.com,4646442123,1975-08-13,Canada,INACTIVE,2026-09-30
1740,John,Taylor,john.taylor1740@email.com,4980100898,1976-01-25,Canada,INACTIVE,2026-09-30
1741,Amit,Lee,amit.lee1741@email.com,6146888918,1964-09-30,Canada,INACTIVE,2026-09-30
1742,John,Shah,john.shah1742@email.com,5481666813,1969-03-08,Canada,INACTIVE,2026-09-30
1743,Michael,Patel,michael.patel1743@email.com,6418854255,1961-07-03,Canada,ACTIVE,2026-09-30
1744,Amit,Smith,amit.smith1744@email.com,5137807260,1977-12-30,Canada,ACTIVE,2026-09-30
1745,Emily,Wilson,emily.wilson1745@email.com,5637617929,1966-12-18,Canada,ACTIVE,2026-09-30
1746,David,Smith,david.smith1746@email.com,4567972534,1966-12-06,Canada,ACTIVE,2026-09-30
1747,John,Brown,john.brown1747@email.com,6086404695,2003-06-17,Canada,ACTIVE,2026-09-30
1748,Amit,Smith,amit.smith1748@email.com,4419932245,1978-08-23,Canada,INACTIVE,2026-09-30
1749,Emily,Singh,emily.singh1749@email.com,5350895698,2000-07-06,Canada,ACTIVE,2026-09-30
1750,Daniel,Patel,daniel.patel1750@email.com,5481212148,1985-03-28,Canada,INACTIVE,2026-09-30
1751,Daniel,Brown,daniel.brown1751@email.com,5995356676,2000-06-18,Canada,INACTIVE,2026-09-30
1752,John,Brown,john.brown1752@email.com,4875928825,1977-05-30,Canada,ACTIVE,2026-09-30
1753,John,Singh,john.singh1753@email.com,4839406007,1993-12-17,Canada,ACTIVE,2026-09-30
1754,John,Singh,john.singh1754@email.com,4638169308,1991-04-29,Canada,ACTIVE,2026-09-30
1755,John,Shah,john.shah1755@email.com,4826549301,1970-11-13,Canada,ACTIVE,2026-09-30
1756,Sarah,Singh,sarah.singh1756@email.com,6224479304,2002-08-21,Canada,ACTIVE,2026-09-30
1757,John,Wilson,john.wilson1757@email.com,4369075105,1988-04-09,Canada,ACTIVE,2026-09-30
1758,Sarah,Singh,sarah.singh1758@email.com,4629048523,2003-05-07,Canada,INACTIVE,2026-09-30
1759,Daniel,Wilson,daniel.wilson1759@email.com,4589793254,1992-11-11,Canada,ACTIVE,2026-09-30
1760,Emily,Brown,emily.brown1760@email.com,5396561266,1970-06-05,Canada,INACTIVE,2026-09-30
1761,David,Shah,david.shah1761@email.com,4399674316,2005-01-14,Canada,ACTIVE,2026-09-30
1762,John,Singh,john.singh1762@email.com,5670756085,1975-10-30,Canada,ACTIVE,2026-09-30
1763,Amit,Patel,amit.patel1763@email.com,5845214910,1978-05-03,Canada,INACTIVE,2026-09-30
1764,Amit,Smith,amit.smith1764@email.com,5051139271,2002-06-18,Canada,INACTIVE,2026-09-30
1765,Sarah,Lee,sarah.lee1765@email.com,4740025205,1972-12-29,Canada,ACTIVE,2026-09-30
1766,Daniel,Shah,daniel.shah1766@email.com,5257596169,1977-09-27,Canada,INACTIVE,2026-09-30
1767,Priya,Lee,priya.lee1767@email.com,4989055034,1975-12-20,Canada,ACTIVE,2026-09-30
1768,John,Wilson,john.wilson1768@email.com,5915428030,1980-04-04,Canada,ACTIVE,2026-09-30
1769,John,Shah,john.shah1769@email.com,6151340366,1990-05-11,Canada,INACTIVE,2026-09-30
1770,Michael,Shah,michael.shah1770@email.com,6189603435,1984-07-30,Canada,INACTIVE,2026-09-30
1771,Michael,Patel,michael.patel1771@email.com,4575021465,1975-02-14,Canada,ACTIVE,2026-09-30
1772,David,Singh,david.singh1772@email.com,6474290966,1975-12-03,Canada,ACTIVE,2026-09-30
1773,Daniel,Wilson,daniel.wilson1773@email.com,6236924480,1985-01-01,Canada,ACTIVE,2026-09-30
1774,Emily,Shah,emily.shah1774@email.com,5982823638,1989-09-04,Canada,ACTIVE,2026-09-30
1775,Amit,Wilson,amit.wilson1775@email.com,5419532172,1970-04-15,Canada,INACTIVE,2026-09-30
1776,Emily,Wilson,emily.wilson1776@email.com,5059978982,1969-05-27,Canada,ACTIVE,2026-09-30
1777,Emily,Lee,emily.lee1777@email.com,4781026070,1967-03-21,Canada,INACTIVE,2026-09-30
1778,Daniel,Lee,daniel.lee1778@email.com,5174918244,1999-02-15,Canada,INACTIVE,2026-09-30
1779,David,Taylor,david.taylor1779@email.com,6122208496,1988-03-27,Canada,ACTIVE,2026-09-30
1780,Emily,Brown,emily.brown1780@email.com,5227062004,1982-12-14,Canada,ACTIVE,2026-09-30
1781,Sarah,Shah,sarah.shah1781@email.com,6047963686,1983-03-15,Canada,ACTIVE,2026-09-30
1782,Amit,Wilson,amit.wilson1782@email.com,5828072100,1994-05-14,Canada,ACTIVE,2026-09-30
1783,David,Singh,david.singh1783@email.com,4746205059,1976-07-16,Canada,ACTIVE,2026-09-30
1784,Emily,Wilson,emily.wilson1784@email.com,6150889306,1999-08-08,Canada,ACTIVE,2026-09-30
1785,David,Patel,david.patel1785@email.com,6207632644,1985-04-10,Canada,ACTIVE,2026-09-30
1786,John,Lee,john.lee1786@email.com,4522528206,1983-06-23,Canada,ACTIVE,2026-09-30
1787,Michael,Smith,michael.smith1787@email.com,5018910050,1998-09-12,Canada,INACTIVE,2026-09-30
1788,Sarah,Smith,sarah.smith1788@email.com,5361831728,1965-06-15,Canada,INACTIVE,2026-09-30
1789,Priya,Wilson,priya.wilson1789@email.com,5781327842,1988-09-01,Canada,INACTIVE,2026-09-30
1790,Daniel,Singh,daniel.singh1790@email.com,5999487010,1994-05-18,Canada,INACTIVE,2026-09-30
1791,Sarah,Singh,sarah.singh1791@email.com,5840542711,1992-05-01,Canada,ACTIVE,2026-09-30
1792,Sarah,Wilson,sarah.wilson1792@email.com,5137212766,1968-05-29,Canada,INACTIVE,2026-09-30
1793,Sarah,Smith,sarah.smith1793@email.com,6297856993,2004-11-26,Canada,ACTIVE,2026-09-30
1794,Amit,Lee,amit.lee1794@email.com,4768345730,1967-03-28,Canada,ACTIVE,2026-09-30
1795,Emily,Taylor,emily.taylor1795@email.com,4850492257,1962-12-29,Canada,ACTIVE,2026-09-30
1796,Sarah,Smith,sarah.smith1796@email.com,6158319703,1996-10-19,Canada,ACTIVE,2026-09-30
1797,John,Wilson,john.wilson1797@email.com,4859774459,1983-05-20,Canada,INACTIVE,2026-09-30
1798,Michael,Taylor,michael.taylor1798@email.com,4223487784,1991-09-25,Canada,ACTIVE,2026-09-30
1799,Emily,Wilson,emily.wilson1799@email.com,6274858686,1972-06-23,Canada,ACTIVE,2026-09-30
1800,Priya,Brown,priya.brown1800@email.com,6048216580,1965-12-15,Canada,ACTIVE,2026-09-30
1801,Michael,Brown,michael.brown1801@email.com,6249486223,1968-10-02,Canada,ACTIVE,2026-09-30
1802,Daniel,Smith,daniel.smith1802@email.com,4606308959,1992-06-15,Canada,INACTIVE,2026-09-30
1803,Michael,Smith,michael.smith1803@email.com,4835726705,1974-02-07,Canada,ACTIVE,2026-09-30
1804,David,Patel,david.patel1804@email.com,6379169587,1965-04-27,Canada,INACTIVE,2026-09-30
1805,Sarah,Smith,sarah.smith1805@email.com,5467528210,1970-02-10,Canada,ACTIVE,2026-09-30
1806,Amit,Smith,amit.smith1806@email.com,5036184130,1981-04-14,Canada,ACTIVE,2026-09-30
1807,John,Wilson,john.wilson1807@email.com,5704690304,1966-01-04,Canada,INACTIVE,2026-09-30
1808,Michael,Shah,michael.shah1808@email.com,5752510709,1998-09-04,Canada,ACTIVE,2026-09-30
1809,Amit,Wilson,amit.wilson1809@email.com,4929705349,1967-03-17,Canada,ACTIVE,2026-09-30
1810,Michael,Shah,michael.shah1810@email.com,6111754142,1978-08-20,Canada,ACTIVE,2026-09-30
1811,Amit,Lee,amit.lee1811@email.com,4944366545,1964-09-12,Canada,ACTIVE,2026-09-30
1812,Amit,Wilson,amit.wilson1812@email.com,4172929615,2004-03-19,Canada,ACTIVE,2026-09-30
1813,Priya,Shah,priya.shah1813@email.com,6248407489,1977-01-01,Canada,INACTIVE,2026-09-30
1814,John,Singh,john.singh1814@email.com,6363801683,1991-06-20,Canada,INACTIVE,2026-09-30
1815,John,Wilson,john.wilson1815@email.com,4803359402,1993-02-26,Canada,ACTIVE,2026-09-30
1816,Daniel,Smith,daniel.smith1816@email.com,4895626810,1993-08-23,Canada,ACTIVE,2026-09-30
1817,Daniel,Smith,daniel.smith1817@email.com,5337281913,1973-10-08,Canada,INACTIVE,2026-09-30
1818,John,Shah,john.shah1818@email.com,5546692455,1993-01-23,Canada,INACTIVE,2026-09-30
1819,Amit,Taylor,amit.taylor1819@email.com,5898183370,1995-05-08,Canada,INACTIVE,2026-09-30
1820,Michael,Smith,michael.smith1820@email.com,4259501223,1961-02-22,Canada,ACTIVE,2026-09-30
1821,Priya,Brown,priya.brown1821@email.com,4458460142,2003-01-14,Canada,ACTIVE,2026-09-30
1822,David,Singh,david.singh1822@email.com,5307265070,1994-10-03,Canada,ACTIVE,2026-09-30
1823,Daniel,Shah,daniel.shah1823@email.com,5852273700,2005-01-29,Canada,ACTIVE,2026-09-30
1824,Daniel,Patel,daniel.patel1824@email.com,6025129182,1983-11-25,Canada,ACTIVE,2026-09-30
1825,Daniel,Lee,daniel.lee1825@email.com,4496139246,1982-12-01,Canada,ACTIVE,2026-09-30
1826,Daniel,Wilson,daniel.wilson1826@email.com,4899291026,1998-01-31,Canada,ACTIVE,2026-09-30
1827,David,Shah,david.shah1827@email.com,5571053179,1973-04-19,Canada,INACTIVE,2026-09-30
1828,Priya,Taylor,priya.taylor1828@email.com,4775952921,1989-03-04,Canada,INACTIVE,2026-09-30
1829,John,Wilson,john.wilson1829@email.com,6316024482,1998-04-18,Canada,INACTIVE,2026-09-30
1830,John,Shah,john.shah1830@email.com,4385292099,1966-02-02,Canada,INACTIVE,2026-09-30
1831,Michael,Shah,michael.shah1831@email.com,6193924226,2005-03-04,Canada,INACTIVE,2026-09-30
1832,Priya,Singh,priya.singh1832@email.com,5160279816,1983-03-20,Canada,ACTIVE,2026-09-30
1833,Michael,Taylor,michael.taylor1833@email.com,4439103234,1980-07-03,Canada,INACTIVE,2026-09-30
1834,Michael,Shah,michael.shah1834@email.com,4249981741,1972-04-21,Canada,INACTIVE,2026-09-30
1835,Michael,Brown,michael.brown1835@email.com,6150601382,1965-04-17,Canada,ACTIVE,2026-09-30
1836,Michael,Singh,michael.singh1836@email.com,4682572148,1984-12-22,Canada,INACTIVE,2026-09-30
1837,Daniel,Brown,daniel.brown1837@email.com,5399759506,1981-03-11,Canada,INACTIVE,2026-09-30
1838,Priya,Wilson,priya.wilson1838@email.com,5557390016,2000-11-30,Canada,INACTIVE,2026-09-30
1839,Amit,Shah,amit.shah1839@email.com,5866430456,1989-04-26,Canada,INACTIVE,2026-09-30
1840,Michael,Lee,michael.lee1840@email.com,4436104202,1974-08-24,Canada,INACTIVE,2026-09-30
1841,Priya,Patel,priya.patel1841@email.com,5460061586,1994-04-16,Canada,ACTIVE,2026-09-30
1842,John,Singh,john.singh1842@email.com,5709887222,1987-09-13,Canada,ACTIVE,2026-09-30
1843,Emily,Brown,emily.brown1843@email.com,6118162715,1965-06-22,Canada,ACTIVE,2026-09-30
1844,Amit,Wilson,amit.wilson1844@email.com,6375738841,2000-01-28,Canada,ACTIVE,2026-09-30
1845,John,Brown,john.brown1845@email.com,4619391962,1983-08-13,Canada,INACTIVE,2026-09-30
1846,Michael,Singh,michael.singh1846@email.com,4598699279,1973-07-13,Canada,ACTIVE,2026-09-30
1847,Michael,Shah,michael.shah1847@email.com,4625945271,1990-04-30,Canada,INACTIVE,2026-09-30
1848,Sarah,Patel,sarah.patel1848@email.com,4410266453,1994-04-25,Canada,ACTIVE,2026-09-30
1849,Amit,Brown,amit.brown1849@email.com,5199259239,1981-01-11,Canada,ACTIVE,2026-09-30
1850,Daniel,Singh,daniel.singh1850@email.com,4215448460,1980-11-06,Canada,INACTIVE,2026-09-30
1851,Daniel,Shah,daniel.shah1851@email.com,5241234804,1984-07-08,Canada,ACTIVE,2026-09-30
1852,John,Shah,john.shah1852@email.com,4361118431,1970-01-06,Canada,ACTIVE,2026-09-30
1853,Emily,Taylor,emily.taylor1853@email.com,4801789752,1988-03-22,Canada,INACTIVE,2026-09-30
1854,David,Lee,david.lee1854@email.com,5317052279,1981-02-22,Canada,ACTIVE,2026-09-30
1855,Sarah,Smith,sarah.smith1855@email.com,5463034778,1981-12-13,Canada,INACTIVE,2026-09-30
1856,John,Shah,john.shah1856@email.com,4430857158,1993-10-25,Canada,ACTIVE,2026-09-30
1857,Priya,Lee,priya.lee1857@email.com,5108670063,1991-10-02,Canada,INACTIVE,2026-09-30
1858,Amit,Smith,amit.smith1858@email.com,4260086815,1970-08-07,Canada,ACTIVE,2026-09-30
1859,Daniel,Brown,daniel.brown1859@email.com,5590644728,1963-02-15,Canada,INACTIVE,2026-09-30
1860,Michael,Wilson,michael.wilson1860@email.com,5794293616,1998-08-05,Canada,ACTIVE,2026-09-30
1861,Priya,Smith,priya.smith1861@email.com,6364673268,1984-09-10,Canada,ACTIVE,2026-09-30
1862,Priya,Taylor,priya.taylor1862@email.com,6258160559,1965-10-25,Canada,ACTIVE,2026-09-30
1863,Sarah,Wilson,sarah.wilson1863@email.com,6161148396,1966-03-29,Canada,INACTIVE,2026-09-30
1864,David,Singh,david.singh1864@email.com,5313640942,1998-09-09,Canada,INACTIVE,2026-09-30
1865,Emily,Taylor,emily.taylor1865@email.com,6382043223,1999-12-13,Canada,ACTIVE,2026-09-30
1866,Michael,Patel,michael.patel1866@email.com,6011152620,1994-05-30,Canada,ACTIVE,2026-09-30
1867,Daniel,Singh,daniel.singh1867@email.com,4220415608,1972-09-22,Canada,INACTIVE,2026-09-30
1868,Michael,Smith,michael.smith1868@email.com,5342339528,1966-10-10,Canada,ACTIVE,2026-09-30
1869,Michael,Taylor,michael.taylor1869@email.com,5374131237,1961-05-03,Canada,ACTIVE,2026-09-30
1870,Emily,Singh,emily.singh1870@email.com,5818887138,1994-08-02,Canada,INACTIVE,2026-09-30
1871,Emily,Taylor,emily.taylor1871@email.com,4285506420,1960-08-24,Canada,INACTIVE,2026-09-30
1872,Amit,Wilson,amit.wilson1872@email.com,4648595332,1985-04-03,Canada,ACTIVE,2026-09-30
1873,John,Brown,john.brown1873@email.com,4440876715,1960-03-10,Canada,ACTIVE,2026-09-30
1874,Sarah,Wilson,sarah.wilson1874@email.com,4602675384,1968-11-28,Canada,ACTIVE,2026-09-30
1875,Daniel,Patel,daniel.patel1875@email.com,5345501633,1993-06-07,Canada,INACTIVE,2026-09-30
1876,Michael,Patel,michael.patel1876@email.com,6290399329,1969-09-20,Canada,INACTIVE,2026-09-30
1877,Emily,Brown,emily.brown1877@email.com,6052860607,1970-07-01,Canada,ACTIVE,2026-09-30
1878,Emily,Taylor,emily.taylor1878@email.com,5062646272,1993-09-09,Canada,ACTIVE,2026-09-30
1879,John,Smith,john.smith1879@email.com,6365829194,1995-05-13,Canada,ACTIVE,2026-09-30
1880,David,Singh,david.singh1880@email.com,4221669307,1970-01-15,Canada,ACTIVE,2026-09-30
1881,Amit,Smith,amit.smith1881@email.com,5184288016,1978-09-14,Canada,INACTIVE,2026-09-30
1882,Emily,Lee,emily.lee1882@email.com,5338451670,1964-05-11,Canada,INACTIVE,2026-09-30
1883,Amit,Brown,amit.brown1883@email.com,4400674634,2000-12-20,Canada,ACTIVE,2026-09-30
1884,Sarah,Shah,sarah.shah1884@email.com,4433758510,1972-01-05,Canada,INACTIVE,2026-09-30
1885,David,Patel,david.patel1885@email.com,5793743354,1963-01-19,Canada,INACTIVE,2026-09-30
1886,John,Smith,john.smith1886@email.com,6274763083,1975-08-22,Canada,INACTIVE,2026-09-30
1887,David,Singh,david.singh1887@email.com,4612398541,1986-10-12,Canada,INACTIVE,2026-09-30
1888,Michael,Smith,michael.smith1888@email.com,5893408548,1975-04-07,Canada,ACTIVE,2026-09-30
1889,Michael,Shah,michael.shah1889@email.com,5100755332,1999-05-02,Canada,ACTIVE,2026-09-30
1890,Priya,Smith,priya.smith1890@email.com,5708034936,1961-05-09,Canada,INACTIVE,2026-09-30
1891,Emily,Wilson,emily.wilson1891@email.com,5713737351,1985-01-09,Canada,INACTIVE,2026-09-30
1892,Amit,Wilson,amit.wilson1892@email.com,5259774499,1960-10-04,Canada,ACTIVE,2026-09-30
1893,Amit,Wilson,amit.wilson1893@email.com,6419584071,1977-05-20,Canada,ACTIVE,2026-09-30
1894,Priya,Shah,priya.shah1894@email.com,4189303852,1981-05-26,Canada,ACTIVE,2026-09-30
1895,David,Shah,david.shah1895@email.com,5075804849,1998-01-06,Canada,ACTIVE,2026-09-30
1896,Sarah,Singh,sarah.singh1896@email.com,6389082087,1982-10-01,Canada,INACTIVE,2026-09-30
1897,Emily,Brown,emily.brown1897@email.com,5045455590,1965-11-20,Canada,INACTIVE,2026-09-30
1898,David,Singh,david.singh1898@email.com,5274738102,1989-08-30,Canada,INACTIVE,2026-09-30
1899,Daniel,Smith,daniel.smith1899@email.com,5668077995,1983-12-27,Canada,ACTIVE,2026-09-30
1900,Priya,Shah,priya.shah1900@email.com,5882937767,1995-03-19,Canada,ACTIVE,2026-09-30
1901,David,Taylor,david.taylor1901@email.com,4709738980,1967-05-03,Canada,INACTIVE,2026-09-30
1902,Michael,Shah,michael.shah1902@email.com,4487161141,1985-04-10,Canada,INACTIVE,2026-09-30
1903,Amit,Lee,amit.lee1903@email.com,5895081971,1968-06-16,Canada,ACTIVE,2026-09-30
1904,Sarah,Wilson,sarah.wilson1904@email.com,5207545599,1970-05-14,Canada,ACTIVE,2026-09-30
1905,Daniel,Taylor,daniel.taylor1905@email.com,4910037635,1974-05-07,Canada,ACTIVE,2026-09-30
1906,Daniel,Brown,daniel.brown1906@email.com,5513919790,1981-08-26,Canada,INACTIVE,2026-09-30
1907,Daniel,Singh,daniel.singh1907@email.com,6478306175,1997-10-09,Canada,INACTIVE,2026-09-30
1908,Amit,Shah,amit.shah1908@email.com,5019572727,2003-01-03,Canada,ACTIVE,2026-09-30
1909,Priya,Patel,priya.patel1909@email.com,6287369244,2005-03-29,Canada,INACTIVE,2026-09-30
1910,Amit,Shah,amit.shah1910@email.com,5962683761,2000-06-22,Canada,ACTIVE,2026-09-30
1911,David,Brown,david.brown1911@email.com,4193330882,1989-06-13,Canada,INACTIVE,2026-09-30
1912,John,Lee,john.lee1912@email.com,5747995296,2001-07-14,Canada,INACTIVE,2026-09-30
1913,Priya,Taylor,priya.taylor1913@email.com,6398705744,1967-07-11,Canada,INACTIVE,2026-09-30
1914,Sarah,Wilson,sarah.wilson1914@email.com,5019874430,1990-08-25,Canada,ACTIVE,2026-09-30
1915,John,Wilson,john.wilson1915@email.com,4198372927,1974-10-19,Canada,ACTIVE,2026-09-30
1916,Sarah,Shah,sarah.shah1916@email.com,5327640618,1964-07-06,Canada,INACTIVE,2026-09-30
1917,Priya,Lee,priya.lee1917@email.com,4694912801,1971-03-28,Canada,INACTIVE,2026-09-30
1918,Michael,Smith,michael.smith1918@email.com,4942784127,2003-09-10,Canada,INACTIVE,2026-09-30
1919,Priya,Brown,priya.brown1919@email.com,6164340128,1983-03-06,Canada,ACTIVE,2026-09-30
1920,Sarah,Lee,sarah.lee1920@email.com,5733367922,1980-04-09,Canada,ACTIVE,2026-09-30
1921,Priya,Patel,priya.patel1921@email.com,6211516663,1979-11-28,Canada,INACTIVE,2026-09-30
1922,Daniel,Smith,daniel.smith1922@email.com,5075725376,1991-02-02,Canada,ACTIVE,2026-09-30
1923,Daniel,Brown,daniel.brown1923@email.com,4162853402,1971-11-16,Canada,INACTIVE,2026-09-30
1924,Emily,Lee,emily.lee1924@email.com,5126772151,2005-05-20,Canada,INACTIVE,2026-09-30
1925,Daniel,Lee,daniel.lee1925@email.com,5293405507,1963-09-04,Canada,INACTIVE,2026-09-30
1926,John,Singh,john.singh1926@email.com,4420122855,2003-03-04,Canada,INACTIVE,2026-09-30
1927,David,Shah,david.shah1927@email.com,4579508882,1986-03-24,Canada,ACTIVE,2026-09-30
1928,Michael,Shah,michael.shah1928@email.com,4691405380,1986-06-11,Canada,ACTIVE,2026-09-30
1929,Priya,Smith,priya.smith1929@email.com,4227456402,1967-05-23,Canada,ACTIVE,2026-09-30
1930,Michael,Lee,michael.lee1930@email.com,5090636322,1968-07-25,Canada,INACTIVE,2026-09-30
1931,Priya,Shah,priya.shah1931@email.com,5286352380,1979-01-25,Canada,INACTIVE,2026-09-30
1932,Daniel,Singh,daniel.singh1932@email.com,5958792373,2001-03-28,Canada,ACTIVE,2026-09-30
1933,Amit,Wilson,amit.wilson1933@email.com,4870954462,1974-02-09,Canada,INACTIVE,2026-09-30
1934,Emily,Lee,emily.lee1934@email.com,5995463515,2004-12-17,Canada,INACTIVE,2026-09-30
1935,Emily,Shah,emily.shah1935@email.com,6315850900,1968-12-07,Canada,ACTIVE,2026-09-30
1936,Priya,Brown,priya.brown1936@email.com,5089247509,1992-09-26,Canada,ACTIVE,2026-09-30
1937,Emily,Singh,emily.singh1937@email.com,5244222919,1960-05-28,Canada,ACTIVE,2026-09-30
1938,John,Shah,john.shah1938@email.com,4563875000,1971-01-15,Canada,ACTIVE,2026-09-30
1939,Amit,Wilson,amit.wilson1939@email.com,4629607898,1977-09-15,Canada,INACTIVE,2026-09-30
1940,Sarah,Smith,sarah.smith1940@email.com,5255667515,1981-06-26,Canada,INACTIVE,2026-09-30
1941,John,Singh,john.singh1941@email.com,4328119766,1998-09-28,Canada,ACTIVE,2026-09-30
1942,Daniel,Shah,daniel.shah1942@email.com,5679442157,1969-02-25,Canada,ACTIVE,2026-09-30
1943,Priya,Patel,priya.patel1943@email.com,6375820101,1976-05-14,Canada,ACTIVE,2026-09-30
1944,Priya,Lee,priya.lee1944@email.com,5414365062,1994-09-02,Canada,ACTIVE,2026-09-30
1945,Michael,Taylor,michael.taylor1945@email.com,4820711783,1991-12-16,Canada,INACTIVE,2026-09-30
1946,David,Smith,david.smith1946@email.com,4295741695,1967-11-07,Canada,INACTIVE,2026-09-30
1947,Emily,Brown,emily.brown1947@email.com,5720065483,1976-10-07,Canada,ACTIVE,2026-09-30
1948,Sarah,Lee,sarah.lee1948@email.com,6371771736,1966-05-12,Canada,INACTIVE,2026-09-30
1949,Emily,Singh,emily.singh1949@email.com,4656557882,1987-02-02,Canada,ACTIVE,2026-09-30
1950,David,Patel,david.patel1950@email.com,4358475584,2002-05-14,Canada,INACTIVE,2026-09-30
1951,David,Lee,david.lee1951@email.com,5083231773,2001-11-21,Canada,ACTIVE,2026-09-30
1952,Sarah,Wilson,sarah.wilson1952@email.com,4212468385,1994-11-24,Canada,ACTIVE,2026-09-30
1953,Michael,Wilson,michael.wilson1953@email.com,5758831309,1984-03-27,Canada,INACTIVE,2026-09-30
1954,David,Lee,david.lee1954@email.com,4576079299,1986-06-03,Canada,ACTIVE,2026-09-30
1955,John,Brown,john.brown1955@email.com,5958462359,1964-01-18,Canada,INACTIVE,2026-09-30
1956,Priya,Brown,priya.brown1956@email.com,5489045419,1968-03-09,Canada,INACTIVE,2026-09-30
1957,Michael,Brown,michael.brown1957@email.com,5418876032,1976-03-07,Canada,ACTIVE,2026-09-30
1958,Michael,Shah,michael.shah1958@email.com,4979580782,1997-07-14,Canada,ACTIVE,2026-09-30
1959,Emily,Lee,emily.lee1959@email.com,5579993860,1992-05-10,Canada,INACTIVE,2026-09-30
1960,Emily,Singh,emily.singh1960@email.com,5692581275,1983-01-06,Canada,ACTIVE,2026-09-30
1961,David,Smith,david.smith1961@email.com,6252566708,1962-02-28,Canada,INACTIVE,2026-09-30
1962,John,Patel,john.patel1962@email.com,5769025914,1989-04-29,Canada,INACTIVE,2026-09-30
1963,Amit,Shah,amit.shah1963@email.com,4815441089,1971-04-16,Canada,ACTIVE,2026-09-30
1964,David,Lee,david.lee1964@email.com,5078546371,1996-07-19,Canada,ACTIVE,2026-09-30
1965,Priya,Shah,priya.shah1965@email.com,4593778430,1997-12-06,Canada,ACTIVE,2026-09-30
1966,Sarah,Taylor,sarah.taylor1966@email.com,5070243603,1990-02-28,Canada,INACTIVE,2026-09-30
1967,Emily,Brown,emily.brown1967@email.com,5673732743,2001-05-31,Canada,ACTIVE,2026-09-30
1968,Sarah,Lee,sarah.lee1968@email.com,4818403576,1963-04-07,Canada,INACTIVE,2026-09-30
1969,Sarah,Taylor,sarah.taylor1969@email.com,5583466142,1978-03-24,Canada,ACTIVE,2026-09-30
1970,Emily,Wilson,emily.wilson1970@email.com,6320428619,1998-07-03,Canada,INACTIVE,2026-09-30
1971,John,Shah,john.shah1971@email.com,4474982962,1991-02-20,Canada,INACTIVE,2026-09-30
1972,Michael,Taylor,michael.taylor1972@email.com,5009864010,2003-09-30,Canada,INACTIVE,2026-09-30
1973,John,Smith,john.smith1973@email.com,6036767178,1980-05-21,Canada,ACTIVE,2026-09-30
1974,Daniel,Taylor,daniel.taylor1974@email.com,6314102464,1985-11-13,Canada,INACTIVE,2026-09-30
1975,Sarah,Wilson,sarah.wilson1975@email.com,4493031474,1982-10-24,Canada,INACTIVE,2026-09-30
1976,Amit,Patel,amit.patel1976@email.com,4987286072,2001-05-05,Canada,INACTIVE,2026-09-30
1977,John,Brown,john.brown1977@email.com,5291111897,1994-05-12,Canada,INACTIVE,2026-09-30
1978,Michael,Taylor,michael.taylor1978@email.com,5563563483,1984-04-14,Canada,INACTIVE,2026-09-30
1979,John,Brown,john.brown1979@email.com,6153652235,1999-08-04,Canada,INACTIVE,2026-09-30
1980,Sarah,Wilson,sarah.wilson1980@email.com,4167726406,1982-08-09,Canada,ACTIVE,2026-09-30
1981,Daniel,Shah,daniel.shah1981@email.com,6118571322,1987-01-31,Canada,INACTIVE,2026-09-30
1982,David,Singh,david.singh1982@email.com,5760374005,1996-03-07,Canada,INACTIVE,2026-09-30
1983,Priya,Patel,priya.patel1983@email.com,5352918947,1998-07-17,Canada,ACTIVE,2026-09-30
1984,Michael,Shah,michael.shah1984@email.com,5423593348,1997-11-07,Canada,INACTIVE,2026-09-30
1985,John,Wilson,john.wilson1985@email.com,5065398427,1976-11-24,Canada,INACTIVE,2026-09-30
1986,Amit,Brown,amit.brown1986@email.com,6458744582,2004-05-12,Canada,INACTIVE,2026-09-30
1987,Michael,Patel,michael.patel1987@email.com,5479979827,1993-02-22,Canada,ACTIVE,2026-09-30
1988,Amit,Smith,amit.smith1988@email.com,5339055722,1991-09-08,Canada,INACTIVE,2026-09-30
1989,Priya,Taylor,priya.taylor1989@email.com,4439223540,2004-08-03,Canada,ACTIVE,2026-09-30
1990,Michael,Wilson,michael.wilson1990@email.com,4640919888,1990-05-02,Canada,INACTIVE,2026-09-30
1991,Daniel,Brown,daniel.brown1991@email.com,4853611289,1998-07-16,Canada,INACTIVE,2026-09-30
1992,Priya,Shah,priya.shah1992@email.com,6032714480,1986-08-12,Canada,INACTIVE,2026-09-30
1993,John,Lee,john.lee1993@email.com,5586285936,1999-09-15,Canada,INACTIVE,2026-09-30
1994,Emily,Singh,emily.singh1994@email.com,4891799516,1963-11-12,Canada,ACTIVE,2026-09-30
1995,John,Wilson,john.wilson1995@email.com,4691318218,1991-09-12,Canada,ACTIVE,2026-09-30
1996,David,Wilson,david.wilson1996@email.com,5534186421,1992-08-23,Canada,INACTIVE,2026-09-30
1997,Amit,Patel,amit.patel1997@email.com,6174618355,1993-01-13,Canada,ACTIVE,2026-09-30
1998,Daniel,Shah,daniel.shah1998@email.com,4450057971,1986-03-25,Canada,INACTIVE,2026-09-30
1999,Daniel,Lee,daniel.lee1999@email.com,4460725880,1963-12-29,Canada,INACTIVE,2026-09-30
2000,Amit,Wilson,amit.wilson2000@email.com,4646019184,2005-11-02,Canada,INACTIVE,2026-09-30
